plant_id,lon,lat,province,region,E_Mit_Mt_tCO2eq_per_yr,avg_E_Mit_cost_usd_per_tCO2eq,total_mitigation
397,114.16,22.52,Hong Kong SAR,Central_South_China,0.082076,-126.349,0.082076
369,116.49,39.95,Beijing,North_China,0.089717,-121.278,0.171793
24,106.43,29.6,Chongqing,Southwest_China,0.220585,-110.624,0.392378
123,113.13,23.15,Guangdong,Central_South_China,0.145668,-99.073,0.538046
89,121.56,31.1,Shanghai,East_China,0.166965,-98.946,0.705011
305,113.81,23.02,Guangdong,Central_South_China,0.09724,-97.581,0.802251
64,103.9,30.56,Sichuan,Southwest_China,0.187288,-95.981,0.989539
106,126.53,45.7,Heilongjiang,Northeast_China,0.165882,-86.031,1.155421
243,120.32,30.26,Zhejiang,East_China,0.115079,-84.659,1.2705
228,121.19,31.38,Shanghai,East_China,0.118749,-83.708,1.389249
262,113.05,22.66,Guangdong,Central_South_China,0.10991,-80.069,1.499159
242,116.55,23.45,Guangdong,Central_South_China,0.109338,-79.086,1.608497
437,104.33,30.67,Sichuan,Southwest_China,0.084889,-69.05,1.693386
96,123.3,41.79,Liaoning,Northeast_China,0.167463,-66.396,1.860849
448,103.76,25.47,Yunnan,Southwest_China,0.084244,-65.054,1.945093
490,106.27,38.53,Ningxia,Northwest_China,0.081968,-63.305,2.027061
231,106.18,37.99,Ningxia,Northwest_China,0.130135,-62.486,2.157196
360,102.76,37.84,Gansu,Northwest_China,0.09969,-62.218,2.256886
247,110.14,22.19,Guangxi,Central_South_China,0.115393,-61.005,2.372279
125,114.21,30.4,Hubei,Central_South_China,0.155503,-60.546,2.527782
187,117.05,39.29,Tianjin,North_China,0.138599,-58.995,2.666381
485,121.28,30.09,Zhejiang,East_China,0.07646,-58.603,2.742841
373,80.59,44.38,Xinjiang,Northwest_China,0.100142,-58.087,2.842983
366,112.67,23.02,Guangdong,Central_South_China,0.089375,-58.024,2.932358
318,103.71,24.98,Yunnan,Southwest_China,0.102081,-57.59,3.034439
162,107.46,40.96,Inner Mongolia,North_China,0.152727,-56.291,3.187166
115,113.32,29.28,Hunan,Central_South_China,0.161749,-55.977,3.348915
412,118.94,25.31,Fujian,East_China,0.080697,-55.121,3.429612
188,113.12,28.33,Hunan,Central_South_China,0.130021,-53.389,3.559633
174,119.15,29.1,Zhejiang,East_China,0.131324,-53.258,3.690957
140,103.47,30.38,Sichuan,Southwest_China,0.148457,-52.763,3.839414
33,110.83,21.67,Guangdong,Central_South_China,0.216028,-51.09,4.055442
475,103.77,24.51,Yunnan,Southwest_China,0.081223,-50.462,4.136665
411,102.17,27.9,Sichuan,Southwest_China,0.089602,-50.195,4.226267
134,80.71,43.94,Xinjiang,Northwest_China,0.162549,-48.563,4.388816
178,112.86,23.47,Guangdong,Central_South_China,0.128317,-47.65,4.517133
327,110.29,19.79,Hainan,Central_South_China,0.100315,-47.389,4.617448
109,86,44.4,Xinjiang,Northwest_China,0.176884,-47.271,4.794332
370,109.66,21.97,Guangxi,Central_South_China,0.091069,-46.954,4.885401
251,109.14,34.66,Shaanxi,Northwest_China,0.123167,-46.933,5.008568
464,111.07,21.94,Guangdong,Central_South_China,0.080041,-46.681,5.088609
21,112.6,26.89,Hunan,Central_South_China,0.224237,-45.886,5.312846
278,118.38,24.89,Fujian,East_China,0.101886,-45.6,5.414732
201,110.36,21.55,Guangdong,Central_South_China,0.127526,-45.186,5.542258
145,117.03,39.95,Hebei,North_China,0.150511,-44.199,5.692769
185,104.73,31.3,Sichuan,Southwest_China,0.134005,-43.619,5.826774
332,112.48,37.52,Shanxi,North_China,0.10545,-42.498,5.932224
470,110.59,40.42,Inner Mongolia,North_China,0.090256,-42.489,6.02248
171,113.8,27.71,Jiangxi,East_China,0.135058,-42.484,6.157538
87,104.26,31.16,Sichuan,Southwest_China,0.173487,-42.287,6.331025
401,107.07,40.83,Inner Mongolia,North_China,0.099801,-41.763,6.430826
353,120.5,30.72,Zhejiang,East_China,0.095862,-41.248,6.526688
352,111.75,21.95,Guangdong,Central_South_China,0.094519,-40.823,6.621207
215,105.5,30.67,Sichuan,Southwest_China,0.127808,-40.672,6.749015
336,114.79,38.74,Hebei,North_China,0.106153,-40.564,6.855168
148,112.88,27.79,Hunan,Central_South_China,0.142915,-39.044,6.998083
196,108.18,23.01,Guangxi,Central_South_China,0.124876,-38.773,7.122959
270,120.09,31.79,Jiangsu,East_China,0.116768,-38.451,7.239727
477,113.62,28.17,Hunan,Central_South_China,0.080323,-37.431,7.32005
494,120.6,27.92,Zhejiang,East_China,0.073927,-36.598,7.393977
221,81.21,43.84,Xinjiang,Northwest_China,0.134567,-36.547,7.528544
160,104.86,29.54,Sichuan,Southwest_China,0.144003,-35.93,7.672547
197,110.82,22.45,Guangdong,Central_South_China,0.123343,-35.882,7.79589
345,104.75,30.29,Sichuan,Southwest_China,0.102291,-35.729,7.898181
425,113.38,23.55,Guangdong,Central_South_China,0.08333,-34.958,7.981511
149,117.61,24.54,Fujian,East_China,0.13085,-34.914,8.112361
288,118.69,39.98,Hebei,North_China,0.114021,-34.861,8.226382
286,112.63,22.3,Guangdong,Central_South_China,0.106997,-34.261,8.333379
130,106.23,30.92,Sichuan,Southwest_China,0.15685,-34.186,8.490229
346,110.26,25.26,Guangxi,Central_South_China,0.09192,-33.91,8.582149
497,117.59,39.26,Tianjin,North_China,0.083733,-33.671,8.665882
11,114.72,38.27,Hebei,North_China,0.262262,-33.368,8.928144
131,110.1,22.68,Guangxi,Central_South_China,0.147324,-33.151,9.075468
285,121.16,30.87,Shanghai,East_China,0.110008,-33.056,9.185476
322,115.34,38.87,Hebei,North_China,0.106725,-32.908,9.292201
374,108.04,41.01,Inner Mongolia,North_China,0.104491,-32.826,9.396692
378,114.34,37.95,Hebei,North_China,0.09624,-32.649,9.492932
350,103.83,30.94,Sichuan,Southwest_China,0.097322,-32.412,9.590254
263,114.41,27.97,Jiangxi,East_China,0.116402,-32.388,9.706656
419,103.2,30.02,Sichuan,Southwest_China,0.0911,-32.168,9.797756
239,111.57,30.51,Hubei,Central_South_China,0.12256,-31.872,9.920316
311,87.48,44.25,Xinjiang,Northwest_China,0.11352,-31.772,10.033836
34,114.5,34.59,Henan,Central_South_China,0.223247,-31.58,10.257083
101,115.71,39.11,Hebei,North_China,0.176477,-31.247,10.43356
194,105.22,30.27,Sichuan,Southwest_China,0.134555,-31.116,10.568115
471,110.3,23.47,Guangxi,Central_South_China,0.080834,-31.095,10.648949
75,118.63,39.5,Hebei,North_China,0.198181,-30.812,10.84713
27,118.8,36.8,Shandong,East_China,0.234304,-30.351,11.081434
385,110.54,22.85,Guangxi,Central_South_China,0.08852,-30.011,11.169954
252,109.77,23.06,Guangxi,Central_South_China,0.117206,-30.006,11.28716
359,114.67,25.68,Jiangxi,East_China,0.092464,-29.993,11.379624
492,82.21,43.42,Xinjiang,Northwest_China,0.086883,-29.965,11.466507
157,112,27.7,Hunan,Central_South_China,0.142838,-29.199,11.609345
269,104.78,30.75,Sichuan,Southwest_China,0.118704,-29.184,11.728049
424,108.07,34.36,Shaanxi,Northwest_China,0.092033,-28.897,11.820082
222,116.01,39.45,Hebei,North_China,0.130033,-28.661,11.950115
198,114.84,30.27,Hubei,Central_South_China,0.129333,-28.635,12.079448
137,112.24,22.61,Guangdong,Central_South_China,0.139739,-28.342,12.219187
335,107.64,31.04,Sichuan,Southwest_China,0.102568,-28.095,12.321755
295,105.8,31.02,Sichuan,Southwest_China,0.112748,-27.972,12.434503
491,109.22,21.66,Guangxi,Central_South_China,0.078765,-27.37,12.513268
199,113.93,35.71,Henan,Central_South_China,0.129615,-27.188,12.642883
261,103.8,29.99,Sichuan,Southwest_China,0.11926,-27.167,12.762143
212,113.08,28.82,Hunan,Central_South_China,0.127386,-27.146,12.889529
232,105.53,29.03,Sichuan,Southwest_China,0.124726,-26.901,13.014255
136,119.07,39.77,Hebei,North_China,0.158734,-26.746,13.172989
416,104.56,28.82,Sichuan,Southwest_China,0.090641,-26.692,13.26363
486,118.37,35.03,Shandong,East_China,0.082695,-26.178,13.346325
417,112.02,37.21,Shanxi,North_China,0.092804,-26.08,13.439129
436,107.06,31.75,Sichuan,Southwest_China,0.089834,-25.66,13.528963
248,106.11,31.4,Sichuan,Southwest_China,0.123521,-25.59,13.652484
434,117.85,40.06,Hebei,North_China,0.091023,-25.347,13.743507
348,112.26,25.57,Hunan,Central_South_China,0.097076,-24.966,13.840583
398,105.25,31.09,Sichuan,Southwest_China,0.094387,-24.867,13.93497
429,113.13,26.08,Hunan,Central_South_China,0.085967,-24.777,14.020937
456,111.45,30.03,Hubei,Central_South_China,0.08606,-24.681,14.106997
340,114.22,36.49,Hebei,North_China,0.103982,-24.401,14.210979
452,113.05,39.6,Shanxi,North_China,0.092882,-24.371,14.303861
357,123.17,41.34,Liaoning,Northeast_China,0.096589,-24.333,14.40045
25,115.26,37.99,Hebei,North_China,0.238583,-23.888,14.639033
272,112.64,27.34,Hunan,Central_South_China,0.113478,-23.785,14.752511
347,104.98,28.55,Sichuan,Southwest_China,0.100732,-23.752,14.853243
388,105.17,31.66,Sichuan,Southwest_China,0.094785,-23.695,14.948028
254,105,29.04,Sichuan,Southwest_China,0.122768,-23.638,15.070796
253,115.92,28.84,Jiangxi,East_China,0.1173,-23.61,15.188096
291,105.96,30.5,Sichuan,Southwest_China,0.113853,-23.427,15.301949
190,106.44,30.47,Sichuan,Southwest_China,0.135316,-23.384,15.437265
453,117.84,36.7,Shandong,East_China,0.087098,-23.367,15.524363
249,107.07,30.91,Sichuan,Southwest_China,0.123232,-23.257,15.647595
229,114.49,36.82,Hebei,North_China,0.126491,-23.208,15.774086
241,117,25.09,Fujian,East_China,0.108985,-23.025,15.883071
204,111.45,27.72,Hunan,Central_South_China,0.128923,-22.789,16.011994
217,113.59,34.87,Henan,Central_South_China,0.129138,-22.733,16.141132
392,118.21,39.47,Hebei,North_China,0.095455,-22.602,16.236587
428,106.9,30.47,Sichuan,Southwest_China,0.088949,-22.459,16.325536
173,116.71,28.25,Jiangxi,East_China,0.135598,-22.429,16.461134
293,106.63,31.24,Sichuan,Southwest_China,0.113294,-22.229,16.574428
362,114.49,23.34,Guangdong,Central_South_China,0.089778,-22.21,16.664206
35,116.07,28.46,Jiangxi,East_China,0.213162,-22.142,16.877368
292,114.37,38.43,Hebei,North_China,0.11568,-21.939,16.993048
230,112.47,28.05,Hunan,Central_South_China,0.1228,-21.682,17.115848
299,104.44,29.96,Sichuan,Southwest_China,0.112499,-21.268,17.228347
120,117.89,39.71,Hebei,North_China,0.170736,-21.197,17.399083
192,115.39,27.96,Jiangxi,East_China,0.131841,-20.492,17.530924
290,120.54,41.74,Liaoning,Northeast_China,0.112361,-20.446,17.643285
319,105.35,29.48,Chongqing,Southwest_China,0.106484,-20.396,17.749769
56,120.25,32.25,Jiangsu,East_China,0.203704,-20.198,17.953473
296,103.75,29.52,Sichuan,Southwest_China,0.109979,-19.569,18.063452
303,113.34,27.59,Hunan,Central_South_China,0.107252,-19.048,18.170704
102,113.81,34.48,Henan,Central_South_China,0.176111,-17.942,18.346815
354,107.65,30.07,Chongqing,Southwest_China,0.098812,-17.856,18.445627
445,119.05,34.89,Jiangsu,East_China,0.085717,-17.619,18.531344
170,116.46,39.3,Hebei,North_China,0.148799,-17.232,18.680143
458,122.46,40.59,Liaoning,Northeast_China,0.085696,-16.789,18.765839
316,76.02,39.35,Xinjiang,Northwest_China,0.111413,-16.7,18.877252
469,106.01,28.97,Chongqing,Southwest_China,0.085411,-16.165,18.962663
237,112.3,26.43,Hunan,Central_South_China,0.119473,-16.05,19.082136
484,108.94,23.21,Guangxi,Central_South_China,0.079762,-15.918,19.161898
301,112,28.67,Hunan,Central_South_China,0.108477,-15.823,19.270375
155,115.16,38.47,Hebei,North_China,0.154878,-15.724,19.425253
447,113,36.03,Shanxi,North_China,0.090256,-15.7,19.515509
391,106.56,31.73,Sichuan,Southwest_China,0.096727,-15.647,19.612236
151,111.69,29.56,Hunan,Central_South_China,0.146561,-15.314,19.758797
200,111.48,29.11,Hunan,Central_South_China,0.12986,-15.22,19.888657
306,118.3,28.55,Jiangxi,East_China,0.103357,-15.078,19.992014
283,109.15,22.3,Guangxi,Central_South_China,0.108697,-14.791,20.100711
218,120.56,31.78,Jiangsu,East_China,0.128574,-14.738,20.229285
128,110.74,26.93,Hunan,Central_South_China,0.154926,-14.672,20.384211
489,105.64,31.47,Sichuan,Southwest_China,0.084648,-14.533,20.468859
219,114.88,28.19,Jiangxi,East_China,0.123994,-14.402,20.592853
427,105.64,30.17,Chongqing,Southwest_China,0.090808,-14.394,20.683661
338,121.56,41.92,Liaoning,Northeast_China,0.107598,-14.114,20.791259
97,112.46,28.54,Hunan,Central_South_China,0.170521,-13.883,20.96178
410,105.07,29.88,Sichuan,Southwest_China,0.093278,-13.732,21.055058
94,114.74,36.35,Hebei,North_China,0.183138,-13.137,21.238196
255,113.39,31.74,Hubei,Central_South_China,0.12112,-13.115,21.359316
167,112.11,26.89,Hunan,Central_South_China,0.137175,-13.084,21.496491
1,114.03,33.55,Henan,Central_South_China,0.320464,-13,21.816955
387,113.91,36.12,Henan,Central_South_China,0.09486,-12.843,21.911815
467,115.42,26.07,Jiangxi,East_China,0.07947,-12.84,21.991285
282,107.16,30.06,Chongqing,Southwest_China,0.113292,-12.78,22.104577
400,114.88,31.28,Hubei,Central_South_China,0.093723,-12.728,22.1983
368,104.39,29.44,Sichuan,Southwest_China,0.100583,-12.712,22.298883
26,114.95,36.72,Hebei,North_China,0.24066,-12.6,22.539543
355,112.21,32.27,Hubei,Central_South_China,0.099413,-12.58,22.638956
126,111.46,27.16,Hunan,Central_South_China,0.155109,-12.262,22.794065
496,112.77,25.26,Hunan,Central_South_China,0.078011,-11.833,22.872076
472,106.06,31.87,Sichuan,Southwest_China,0.08496,-11.799,22.957036
403,107.4,30.57,Sichuan,Southwest_China,0.092923,-11.457,23.049959
88,111.86,32.29,Hubei,Central_South_China,0.178277,-11.424,23.228236
161,121.14,32.09,Jiangsu,East_China,0.145344,-11.34,23.37358
90,112.18,31.8,Hubei,Central_South_China,0.178064,-10.979,23.551644
371,117.43,34.32,Jiangsu,East_China,0.095991,-10.973,23.647635
330,113.31,27.07,Hunan,Central_South_China,0.10079,-10.962,23.748425
407,108.66,22.33,Guangxi,Central_South_China,0.087473,-10.941,23.835898
47,117.2,37.6,Shandong,East_China,0.228041,-10.321,24.063939
209,122.23,41.04,Liaoning,Northeast_China,0.127641,-10.309,24.19158
73,114.74,37.76,Hebei,North_China,0.198649,-10.006,24.390229
143,112.78,26.42,Hunan,Central_South_China,0.144301,-9.958,24.53453
44,116.81,37.26,Shandong,East_China,0.23003,-9.121,24.76456
116,115.73,38.17,Hebei,North_China,0.174269,-9.118,24.938829
315,105.89,29.77,Chongqing,Southwest_China,0.107843,-9.042,25.046672
13,113.6,34.04,Henan,Central_South_China,0.264968,-8.932,25.31164
482,115.71,30.46,Hubei,Central_South_China,0.080883,-8.921,25.392523
481,106.77,29.13,Chongqing,Southwest_China,0.084253,-8.686,25.476776
320,113.86,33.92,Henan,Central_South_China,0.108453,-8.502,25.585229
227,114.48,30.88,Hubei,Central_South_China,0.126408,-8.139,25.711637
15,115.69,35.03,Shandong,East_China,0.260336,-8.029,25.971973
195,115.46,28.62,Jiangxi,East_China,0.131594,-8.008,26.103567
118,117.16,35.08,Shandong,East_China,0.170663,-7.939,26.27423
245,114.91,26.84,Jiangxi,East_China,0.11832,-7.695,26.39255
5,120.49,32.68,Jiangsu,East_China,0.274216,-7.639,26.666766
180,123.35,42.74,Liaoning,Northeast_China,0.150228,-7.496,26.816994
256,114.07,34.79,Henan,Central_South_China,0.123724,-7.338,26.940718
274,123.7,42.38,Liaoning,Northeast_China,0.123669,-7.223,27.064387
104,118.33,36.91,Shandong,East_China,0.175769,-7.069,27.240156
408,77.23,38.31,Xinjiang,Northwest_China,0.097749,-7.035,27.337905
363,80.32,41.09,Xinjiang,Northwest_China,0.105492,-6.395,27.443397
93,121.52,31.84,Jiangsu,East_China,0.18098,-6.389,27.624377
81,117.69,37.71,Shandong,East_China,0.195529,-6.272,27.819906
208,121.83,39.65,Liaoning,Northeast_China,0.133089,-6.041,27.952995
18,116.95,34.29,Anhui,East_China,0.241836,-6.036,28.194831
435,120.11,32.99,Jiangsu,East_China,0.086303,-5.846,28.281134
17,116.37,37.05,Shandong,East_China,0.250587,-5.738,28.531721
7,115.42,36.52,Shandong,East_China,0.27455,-5.719,28.806271
45,114.18,34.18,Henan,Central_South_China,0.22317,-5.672,29.029441
287,122.88,41.76,Liaoning,Northeast_China,0.11705,-5.547,29.146491
78,118.36,33.83,Jiangsu,East_China,0.190166,-5.174,29.336657
189,115.73,32.09,Henan,Central_South_China,0.136522,-5.065,29.473179
476,117.14,28.4,Jiangxi,East_China,0.080402,-5.022,29.553581
99,117.26,35.75,Shandong,East_China,0.179882,-4.704,29.733463
183,121.98,41.46,Liaoning,Northeast_China,0.145961,-4.678,29.879424
168,120,32.66,Jiangsu,East_China,0.141038,-4.606,30.020462
298,118.44,36.46,Shandong,East_China,0.114265,-4.569,30.134727
3,114.75,33.83,Henan,Central_South_China,0.299879,-4.506,30.434606
4,115.03,33.29,Henan,Central_South_China,0.302159,-4.501,30.736765
364,111.05,27.31,Hunan,Central_South_China,0.095967,-4.498,30.832732
203,117.04,31.58,Anhui,East_China,0.128065,-4.337,30.960797
37,115.25,35.18,Shandong,East_China,0.236304,-4.249,31.197101
114,112.05,34.56,Henan,Central_South_China,0.175435,-4.092,31.372536
207,111.68,26.46,Hunan,Central_South_China,0.12912,-4.05,31.501656
74,113.13,35.06,Henan,Central_South_China,0.196799,-3.921,31.698455
444,115.65,38.61,Hebei,North_China,0.091771,-3.76,31.790226
83,115.27,30.43,Hubei,Central_South_China,0.182216,-3.692,31.972442
341,117.43,39.72,Tianjin,North_China,0.108592,-3.65,32.081034
61,114.38,36.06,Henan,Central_South_China,0.202968,-3.562,32.284002
10,113.55,33.55,Henan,Central_South_China,0.27376,-3.505,32.557762
22,115.79,35.51,Shandong,East_China,0.246048,-3.461,32.80381
264,119.53,32.5,Jiangsu,East_China,0.119246,-3.402,32.923056
206,116.03,27.82,Jiangxi,East_China,0.124603,-3.177,33.047659
172,117,36.89,Shandong,East_China,0.14798,-2.903,33.195639
479,111.09,35.52,Shanxi,North_China,0.085736,-2.425,33.281375
164,116.31,37.51,Shandong,East_China,0.152023,-2.314,33.433398
60,120.87,32.35,Jiangsu,East_China,0.202824,-2.309,33.636222
480,111.29,26.73,Hunan,Central_South_China,0.082061,-2.126,33.718283
393,113.2,26.59,Hunan,Central_South_China,0.091253,-2.041,33.809536
339,116.49,38.8,Hebei,North_China,0.109143,-1.656,33.918679
473,122.87,42.64,Liaoning,Northeast_China,0.090795,-1.608,34.009474
422,121.33,41.19,Liaoning,Northeast_China,0.09587,-1.469,34.105344
98,112.49,29.3,Hunan,Central_South_China,0.173396,-1.338,34.27874
105,112.7,34.82,Henan,Central_South_China,0.175548,-1.1,34.454288
468,117.03,36.17,Shandong,East_China,0.088266,-0.967,34.542554
312,113.13,33.7,Henan,Central_South_China,0.112097,-0.887,34.654651
135,115.22,36.22,Hebei,North_China,0.158322,-0.794,34.812973
205,115.77,29.94,Hubei,Central_South_China,0.130101,-0.699,34.943074
8,114.37,35.59,Henan,Central_South_China,0.273278,-0.306,35.216352
144,117.95,35.04,Shandong,East_China,0.154485,-0.302,35.370837
184,118.33,37.67,Shandong,East_China,0.146493,-0.24,35.51733
423,111.54,25.41,Hunan,Central_South_China,0.0888,-0.153,35.60613
77,113.05,34.01,Henan,Central_South_China,0.20114,-0.077,35.80727
499,117.1,35.44,Shandong,East_China,0.083576,-0.06,35.890846
54,118.7,35.59,Shandong,East_China,0.211606,-0.052,36.102452
39,116.65,34.68,Jiangsu,East_China,0.227807,0.074,36.330259
72,117.48,36.96,Shandong,East_China,0.202606,0.137,36.532865
132,116.17,35.19,Shandong,East_China,0.165256,0.243,36.698121
344,115.72,29.44,Jiangxi,East_China,0.099044,0.348,36.797165
38,113.65,35.28,Henan,Central_South_China,0.229496,0.559,37.026661
267,117.59,32.1,Anhui,East_China,0.11953,0.751,37.146191
314,116.6,38.27,Hebei,North_China,0.113663,0.761,37.259854
323,114.86,27.3,Jiangxi,East_China,0.10135,0.829,37.361204
29,116.17,34.84,Shandong,East_China,0.247558,0.877,37.608762
405,116.19,29.65,Jiangxi,East_China,0.091684,0.922,37.700446
289,111.94,27.27,Hunan,Central_South_China,0.111736,1.048,37.812182
500,122.88,39.85,Liaoning,Northeast_China,0.084178,1.095,37.89636
76,118.77,35.1,Shandong,East_China,0.20173,1.194,38.09809
152,114.99,30.84,Hubei,Central_South_China,0.146419,1.359,38.244509
389,114.44,29.96,Hubei,Central_South_China,0.094195,1.439,38.338704
493,116.11,38.98,Hebei,North_China,0.086499,1.454,38.425203
55,116.57,36.64,Shandong,East_China,0.218018,1.858,38.643221
57,113.64,31.04,Hubei,Central_South_China,0.204063,1.866,38.847284
463,115.44,30.89,Hubei,Central_South_China,0.086499,2.01,38.933783
59,115.26,32.32,Henan,Central_South_China,0.202865,2.168,39.136648
158,112,30.71,Hubei,Central_South_China,0.146483,2.177,39.283131
165,116.87,28.84,Jiangxi,East_China,0.13859,2.215,39.421721
46,115.96,32.91,Anhui,East_China,0.226242,2.478,39.647963
14,114.95,35.94,Henan,Central_South_China,0.253932,2.493,39.901895
474,112.98,34.49,Henan,Central_South_China,0.08579,2.647,39.987685
19,114.95,34.28,Henan,Central_South_China,0.248492,2.76,40.236177
169,113.33,34.45,Henan,Central_South_China,0.146172,3.284,40.382349
273,116.08,38.51,Hebei,North_China,0.124661,3.477,40.50701
380,115.74,28.24,Jiangxi,East_China,0.094635,3.57,40.601645
226,118.81,33.66,Jiangsu,East_China,0.128772,3.996,40.730417
459,122.05,45.96,Inner Mongolia,North_China,0.094041,4.244,40.824458
454,116.16,30.25,Anhui,East_China,0.084771,4.404,40.909229
333,115.81,34.58,Shandong,East_China,0.109705,4.437,41.018934
159,118.24,35.44,Shandong,East_China,0.152184,4.473,41.171118
6,115.67,36.05,Shandong,East_China,0.273016,4.553,41.444134
235,116.19,37.99,Hebei,North_China,0.134703,4.563,41.578837
420,117.15,34.67,Shandong,East_China,0.091193,4.69,41.67003
244,122.72,42.25,Liaoning,Northeast_China,0.133769,4.696,41.803799
142,116.75,37.72,Shandong,East_China,0.162905,4.7,41.966704
402,126.1,45.94,Heilongjiang,Northeast_China,0.101257,4.722,42.067961
224,118.85,35.94,Shandong,East_China,0.132475,4.865,42.200436
107,112.64,34.26,Henan,Central_South_China,0.176091,5.084,42.376527
150,115.37,37,Hebei,North_China,0.156846,5.216,42.533373
372,113.61,32.82,Henan,Central_South_China,0.101642,5.273,42.635015
258,112.97,29.68,Hunan,Central_South_China,0.123192,5.474,42.758207
124,117.22,32.45,Anhui,East_China,0.162337,5.681,42.920544
349,118.43,31.13,Anhui,East_China,0.099676,5.75,43.02022
284,114.03,30.95,Hubei,Central_South_China,0.115192,5.884,43.135412
214,117.75,35.76,Shandong,East_China,0.135925,5.915,43.271337
119,114.02,35.25,Henan,Central_South_China,0.169518,5.956,43.440855
100,113.69,30.58,Hubei,Central_South_China,0.17287,6.039,43.613725
181,111.91,30.14,Hubei,Central_South_China,0.142764,6.09,43.756489
328,123.22,42.26,Liaoning,Northeast_China,0.113064,6.121,43.869553
111,118.88,36.33,Shandong,East_China,0.174767,6.125,44.04432
225,112.5,30.94,Hubei,Central_South_China,0.129154,6.223,44.173474
163,119.16,35.37,Shandong,East_China,0.149856,6.25,44.32333
49,115.35,35.67,Henan,Central_South_China,0.218242,6.302,44.541572
421,113.88,29.69,Hubei,Central_South_China,0.091415,6.457,44.632987
382,118.74,37.78,Shandong,East_China,0.1035,6.505,44.736487
334,113.23,30.98,Hubei,Central_South_China,0.104021,6.554,44.840508
279,118.37,35.93,Shandong,East_China,0.122227,6.588,44.962735
12,114.95,34.78,Henan,Central_South_China,0.269141,6.636,45.231876
31,112.32,32.68,Henan,Central_South_China,0.244313,6.646,45.476189
337,115.95,35.83,Shandong,East_China,0.106681,6.76,45.58287
276,116.92,32.05,Anhui,East_China,0.116534,6.8,45.699404
156,114.82,37.18,Hebei,North_China,0.154497,7.06,45.853901
302,116.45,31.95,Anhui,East_China,0.111219,7.169,45.96512
487,114.42,37.45,Hebei,North_China,0.086077,7.187,46.051197
457,113,32.02,Hubei,Central_South_China,0.087098,7.259,46.138295
275,122.72,41,Liaoning,Northeast_China,0.121678,7.271,46.259973
177,113.89,31.47,Hubei,Central_South_China,0.141646,7.394,46.401619
68,120.04,33.45,Jiangsu,East_China,0.198737,7.5,46.600356
356,112.39,30.48,Hubei,Central_South_China,0.099491,7.554,46.699847
40,111.91,32.98,Henan,Central_South_China,0.234648,7.609,46.934495
202,117.25,38.07,Hebei,North_China,0.141028,7.654,47.075523
50,120.5,36.83,Shandong,East_China,0.21852,7.735,47.294043
383,115.7,37.76,Hebei,North_China,0.102445,7.744,47.396488
23,112.77,33.01,Henan,Central_South_China,0.248508,7.783,47.644996
154,116.42,34.4,Anhui,East_China,0.15518,7.851,47.800176
9,115.43,34.16,Henan,Central_South_China,0.277733,7.995,48.077909
58,115.42,34.63,Henan,Central_South_China,0.216279,8.002,48.294188
141,112.57,32.12,Hubei,Central_South_China,0.153832,8.081,48.44802
213,116.13,32.46,Anhui,East_China,0.133435,8.525,48.581455
438,112.33,34.9,Henan,Central_South_China,0.091682,8.562,48.673137
324,117.58,35.35,Shandong,East_China,0.110198,8.752,48.783335
236,115.83,37.41,Hebei,North_China,0.135994,8.968,48.919329
108,115.9,36.94,Shandong,East_China,0.179426,9.057,49.098755
310,123.98,42.78,Liaoning,Northeast_China,0.117736,9.121,49.216491
112,119.56,33.62,Jiangsu,East_China,0.170219,9.233,49.38671
48,115.53,33.25,Anhui,East_China,0.227622,9.261,49.614332
51,113.94,33.1,Henan,Central_South_China,0.22018,9.362,49.834512
84,117.87,34.11,Jiangsu,East_China,0.185507,9.366,50.020019
69,116.76,35.76,Shandong,East_China,0.204849,9.63,50.224868
176,116.65,36.17,Shandong,East_China,0.147309,9.653,50.372177
216,118.59,37.23,Shandong,East_China,0.13576,9.708,50.507937
233,116.66,35.29,Shandong,East_China,0.13085,9.757,50.638787
62,119.31,36.14,Shandong,East_China,0.210211,9.76,50.848998
260,112.03,29.14,Hunan,Central_South_China,0.120956,9.859,50.969954
32,114.51,33.43,Henan,Central_South_China,0.240873,9.866,51.210827
390,117.03,38.53,Hebei,North_China,0.101487,10.108,51.312314
211,112.19,29.65,Hubei,Central_South_China,0.131254,10.243,51.443568
52,116.28,35.61,Shandong,East_China,0.220242,10.331,51.66381
129,119.41,36.79,Shandong,East_China,0.165855,10.615,51.829665
343,122.78,45.55,Jilin,Northeast_China,0.105468,10.677,51.935133
365,122.3,39.63,Liaoning,Northeast_China,0.105162,10.836,52.040295
446,125.52,45.91,Heilongjiang,Northeast_China,0.09642,11.127,52.136715
414,117.19,31.07,Anhui,East_China,0.090092,11.303,52.226807
277,117.41,36.17,Shandong,East_China,0.124758,11.395,52.351565
147,119.63,31.9,Jiangsu,East_China,0.153355,11.65,52.50492
103,118.61,34.25,Jiangsu,East_China,0.174815,11.808,52.679735
43,119.9,33.93,Jiangsu,East_China,0.221981,11.916,52.901716
281,117.43,37.29,Shandong,East_China,0.120562,12.221,53.022278
30,114.43,35.1,Henan,Central_South_China,0.240663,12.248,53.262941
2,116.34,34.03,Henan,Central_South_China,0.30411,12.25,53.567051
460,120.76,37.07,Shandong,East_China,0.088828,12.349,53.655879
127,113.2,33.26,Henan,Central_South_China,0.168926,12.434,53.824805
210,118.77,32.96,Jiangsu,East_China,0.13034,12.473,53.955145
308,120.8,37.57,Shandong,East_China,0.110999,12.537,54.066144
82,116.11,36.25,Shandong,East_China,0.191678,12.59,54.257822
250,124.28,43.28,Jilin,Northeast_China,0.135104,12.664,54.392926
375,116.64,30.32,Anhui,East_China,0.096335,12.667,54.489261
431,125.39,43.7,Jilin,Northeast_China,0.097973,12.702,54.587234
394,126.89,47.33,Heilongjiang,Northeast_China,0.103182,12.784,54.690416
462,116.38,28.1,Jiangxi,East_China,0.082943,12.961,54.773359
223,113.17,30.24,Hubei,Central_South_China,0.130505,13.114,54.903864
399,122.07,42.29,Liaoning,Northeast_China,0.101336,13.291,55.0052
439,114.78,35,Henan,Central_South_China,0.092593,13.508,55.097793
95,115.57,32.7,Anhui,East_China,0.185356,13.533,55.283149
358,114.3,33.13,Henan,Central_South_China,0.104407,13.811,55.387556
266,120.26,37.26,Shandong,East_China,0.126116,13.9,55.513672
271,115.8,36.5,Shandong,East_China,0.123742,14.095,55.637414
63,114.2,32.67,Henan,Central_South_China,0.212583,14.225,55.849997
139,114.34,33.87,Henan,Central_South_China,0.162451,14.305,56.012448
41,115.12,32.78,Henan,Central_South_China,0.235269,14.57,56.247717
396,112.51,31.42,Hubei,Central_South_China,0.095763,15.079,56.34348
379,118.15,31.89,Anhui,East_China,0.09622,15.23,56.4397
66,118.18,34.59,Shandong,East_China,0.209039,15.392,56.648739
146,112.91,30.66,Hubei,Central_South_China,0.156778,15.399,56.805517
381,118.54,32.36,Anhui,East_China,0.097289,15.471,56.902806
122,117.19,32.99,Anhui,East_China,0.17131,15.647,57.074116
325,127.06,46.64,Heilongjiang,Northeast_China,0.114621,15.757,57.188737
86,119.12,33.86,Jiangsu,East_China,0.18565,15.878,57.374387
449,125.84,46.87,Heilongjiang,Northeast_China,0.096683,15.926,57.47107
304,114.28,32.18,Henan,Central_South_China,0.115068,15.971,57.586138
20,115.93,34.31,Henan,Central_South_China,0.253682,16.246,57.83982
121,119.47,34.24,Jiangsu,East_China,0.17125,16.535,58.01107
413,119.32,35.69,Shandong,East_China,0.095102,16.669,58.106172
220,112.38,33.11,Henan,Central_South_China,0.133912,16.745,58.240084
441,117.75,31.22,Anhui,East_China,0.088922,17.223,58.329006
300,119.64,32.99,Jiangsu,East_China,0.111956,17.319,58.440962
450,123.37,39.98,Liaoning,Northeast_China,0.089704,17.598,58.530666
53,120.44,33.14,Jiangsu,East_China,0.213201,17.615,58.743867
234,115.18,37.52,Hebei,North_China,0.137542,17.655,58.881409
138,121.75,37.2,Shandong,East_China,0.15594,17.803,59.037349
166,118.61,34.72,Shandong,East_China,0.150195,17.822,59.187544
16,115.24,33.73,Henan,Central_South_China,0.25827,17.987,59.445814
313,121.3,37,Shandong,East_China,0.109692,18.008,59.555506
186,117.91,37.17,Shandong,East_China,0.145832,18.201,59.701338
85,112.76,32.51,Henan,Central_South_China,0.194012,18.727,59.89535
179,119.16,33.28,Jiangsu,East_China,0.140761,19.043,60.036111
294,117.79,32.63,Anhui,East_China,0.115157,19.11,60.151268
238,115.64,33.7,Anhui,East_China,0.131924,19.366,60.283192
191,119.9,36.91,Shandong,East_China,0.143666,19.634,60.426858
465,116.45,28.65,Jiangxi,East_China,0.083304,19.732,60.510162
193,114.9,31.99,Henan,Central_South_China,0.13874,19.982,60.648902
80,113.17,32.77,Henan,Central_South_China,0.202075,20.139,60.850977
451,113.82,32.4,Henan,Central_South_China,0.091352,20.588,60.942329
70,119.75,36.46,Shandong,East_China,0.205824,20.648,61.148153
478,115.33,31.85,Henan,Central_South_China,0.085229,20.798,61.233382
182,116.62,32.43,Anhui,East_China,0.143486,20.9,61.376868
495,111.57,33.22,Henan,Central_South_China,0.08658,20.921,61.463448
440,130.49,46.97,Heilongjiang,Northeast_China,0.092459,21.026,61.555907
257,122.43,41.64,Liaoning,Northeast_China,0.132543,21.545,61.68845
384,114.62,34.26,Henan,Central_South_China,0.100912,21.642,61.789362
175,112.65,30.15,Hubei,Central_South_China,0.145015,21.743,61.934377
42,117.82,33.59,Anhui,East_China,0.233633,22.271,62.16801
406,116.9,32.82,Anhui,East_China,0.096463,22.45,62.264473
351,119.53,31.44,Jiangsu,East_China,0.103225,22.698,62.367698
28,114.6,32.9,Henan,Central_South_China,0.250543,22.751,62.618241
265,118.17,33.3,Jiangsu,East_China,0.12288,23.098,62.741121
426,111.87,32.61,Henan,Central_South_China,0.095499,24.597,62.83662
342,119.04,32.51,Anhui,East_China,0.103903,25.258,62.940523
113,117.69,34.6,Shandong,East_China,0.178693,25.476,63.119216
36,117.33,33.47,Anhui,East_China,0.238842,25.481,63.358058
240,119.74,35.91,Shandong,East_China,0.133503,25.915,63.491561
442,116.25,36.59,Shandong,East_China,0.092879,26.022,63.58444
117,116.79,33.81,Anhui,East_China,0.175484,26.084,63.759924
71,114.86,35.49,Henan,Central_South_China,0.206725,26.246,63.966649
259,120.18,36.5,Shandong,East_China,0.129452,26.95,64.096101
268,120.32,33.65,Jiangsu,East_China,0.124044,27.495,64.220145
430,126.57,46.62,Heilongjiang,Northeast_China,0.098143,27.574,64.318288
466,119.32,41.7,Liaoning,Northeast_China,0.091302,27.847,64.40959
153,119.03,34.44,Jiangsu,East_China,0.152859,28.724,64.562449
317,115.9,33.28,Anhui,East_China,0.114243,28.788,64.676692
329,119.17,31.82,Jiangsu,East_China,0.10749,28.832,64.784182
65,116.28,33.37,Anhui,East_China,0.216428,28.94,65.00061
67,117.39,33.93,Anhui,East_China,0.210689,28.954,65.211299
307,120.06,34.16,Jiangsu,East_China,0.114037,29.116,65.325336
433,116.82,29.3,Jiangxi,East_China,0.087806,29.266,65.413142
309,111.69,34.6,Henan,Central_South_China,0.114731,29.539,65.527873
386,122.25,37.13,Shandong,East_China,0.100822,29.623,65.628695
91,116.51,32.92,Anhui,East_China,0.192376,30.034,65.821071
455,110.8,34.53,Henan,Central_South_China,0.092932,30.075,65.914003
133,117.72,33.13,Anhui,East_China,0.1664,30.531,66.080403
488,112.76,33.43,Henan,Central_South_China,0.088372,31.084,66.168775
376,127.51,46.85,Heilongjiang,Northeast_China,0.105156,31.333,66.273931
483,120.74,32.83,Jiangsu,East_China,0.086523,32.554,66.360454
498,118.16,32.89,Anhui,East_China,0.085535,33.017,66.445989
367,126.45,44.05,Jilin,Northeast_China,0.107906,33.34,66.553895
92,115.97,33.73,Anhui,East_China,0.192944,33.653,66.746839
110,114.64,32.42,Henan,Central_South_China,0.182927,34.24,66.929766
415,123.7,43.6,Jilin,Northeast_China,0.101014,34.455,67.03078
297,125.17,44.19,Jilin,Northeast_China,0.124394,35.924,67.155174
361,126.92,44.99,Jilin,Northeast_China,0.109038,40.389,67.264212
246,125.65,44.29,Jilin,Northeast_China,0.137328,41.341,67.40154
432,124.99,43,Jilin,Northeast_China,0.098155,43.576,67.499695
79,116.79,33.32,Anhui,East_China,0.206147,44.434,67.705842
280,126.63,44.62,Jilin,Northeast_China,0.128612,45.069,67.834454
418,116.43,33.62,Anhui,East_China,0.098521,46.053,67.932975
461,125.68,42.59,Jilin,Northeast_China,0.093446,46.308,68.026421
326,126.02,44.62,Jilin,Northeast_China,0.116346,49.402,68.142767
321,124.82,43.74,Jilin,Northeast_China,0.119149,51.507,68.261916
377,124.31,43.9,Jilin,Northeast_China,0.108752,52.658,68.370668
331,125.32,44.65,Jilin,Northeast_China,0.117209,52.924,68.487877
404,124.56,44.34,Jilin,Northeast_China,0.104978,57.863,68.592855
443,124.82,44.76,Jilin,Northeast_China,0.099488,61.613,68.692343
395,126.35,45.01,Jilin,Northeast_China,0.106542,71.689,68.798885
409,125.61,45.05,Jilin,Northeast_China,0.104242,72.739,68.903127
