base_Total_mitigation_Mt_CO2eq,base_Net_cost_of_total_mitigation_$_t_CO2eq-1,CPI_Total_mitigation_Mt_CO2eq,CPI_Net_cost_of_total_mitigation_$_t_CO2eq-1,full_straw_utilization_Total_mitigation_Mt_CO2eq,full_straw_utilization_Net_cost_of_total_mitigation_$_t_CO2eq-1
0.08208,-126.35,0.10027,-163.8,0.0821,-125.97
0.17179,-121.28,0.21662,-150.15,0.17781,-105.92
0.39238,-110.62,0.50391,-141.22,0.4288,-87.72
0.53805,-99.07,0.68322,-139.74,0.58764,-84.15
0.70501,-98.95,0.80216,-139.12,0.69792,-76.45
0.80225,-97.58,1.01489,-134.37,0.91631,-71.94
0.98954,-95.98,1.25881,-129.95,1.11648,-70.12
1.15542,-86.03,1.38701,-127.98,1.25397,-58.47
1.2705,-84.66,1.53255,-123.41,1.37983,-56.93
1.38925,-83.71,1.66894,-122.26,1.51365,-51.88
1.49916,-80.07,1.82123,-120.86,1.6723,-44.69
1.6085,-79.09,2.03745,-119.12,1.88432,-42.05
1.69339,-69.05,2.14807,-106.73,2.02237,-38.59
1.86085,-66.4,2.24294,-106.52,2.12611,-34.64
1.94509,-65.05,2.4576,-106.06,2.24777,-33.29
2.02706,-63.31,2.56347,-104.67,2.34394,-32.79
2.1572,-62.49,2.67441,-104.02,2.45383,-32.71
2.25689,-62.22,2.82264,-103.23,2.56896,-30.86
2.37228,-61.01,2.91893,-102.35,2.67782,-30.18
2.52778,-60.55,3.12152,-100.26,2.89051,-30.07
2.66638,-58.99,3.2406,-99.77,3.00613,-29.62
2.74284,-58.6,3.3679,-99.52,3.17429,-28.99
2.84298,-58.09,3.47456,-99.5,3.30249,-26.17
2.93236,-58.02,3.60217,-98.73,3.41349,-24.81
3.03444,-57.59,3.76625,-98.29,3.54344,-24.47
3.18717,-56.29,3.93587,-97.2,3.82436,-23.26
3.34892,-55.98,4.14574,-97,3.9249,-23.08
3.42961,-55.12,4.31206,-96.11,4.09523,-22.76
3.55963,-53.39,4.47027,-95.83,4.25552,-22.46
3.69096,-53.26,4.65104,-95.6,4.41766,-21.73
3.83941,-52.76,4.92869,-94.93,4.56596,-21.2
4.05544,-51.09,5.05612,-94,4.69832,-20.78
4.13666,-50.46,5.24962,-93.62,4.84308,-19.51
4.22627,-50.19,5.35034,-92.97,5.06377,-18.98
4.38882,-48.56,5.63111,-91.91,5.21791,-18.7
4.51713,-47.65,5.74857,-91.87,5.44363,-18.65
4.61745,-47.39,5.85094,-91.41,5.65548,-18.53
4.79433,-47.27,5.96593,-91.07,5.76614,-17.29
4.8854,-46.95,6.16372,-90.93,5.96949,-17.07
5.00857,-46.93,6.31702,-90.39,6.16474,-15.98
5.08861,-46.68,6.44775,-90.2,6.40348,-15.9
5.31285,-45.89,6.6128,-88.58,6.52134,-15.03
5.41473,-45.6,6.78396,-87.71,6.62678,-14.96
5.54226,-45.19,6.87396,-87.54,6.78405,-12.6
5.69277,-44.2,7.03374,-86.95,6.97518,-12.05
5.82677,-43.62,7.25979,-86.85,7.1578,-11.42
5.93222,-42.5,7.41713,-86.68,7.28084,-11.21
6.02248,-42.49,7.53725,-86.65,7.52148,-10.37
6.15754,-42.48,7.71192,-86.46,7.63194,-8.26
6.33103,-42.29,7.91957,-86.09,7.81466,-8.12
6.43083,-41.76,8.04191,-85.64,7.911,-8.11
6.52669,-41.25,8.1543,-85.47,8.10214,-7.79
6.62121,-40.82,8.31141,-84.98,8.30431,-7.73
6.74902,-40.67,8.54222,-84.75,8.6196,-7.34
6.85517,-40.56,8.7382,-84.68,8.76225,-7.27
6.99808,-39.04,8.91961,-84.67,8.89709,-7.08
7.12296,-38.77,9.02186,-84.4,9.01739,-6.22
7.23973,-38.45,9.15602,-82.92,9.20268,-4.1
7.32005,-37.43,9.32267,-82.9,9.37785,-3.82
7.39398,-36.6,9.42525,-82.54,9.55735,-1.84
7.52855,-36.55,9.56273,-82.51,9.67473,-1.52
7.67255,-35.93,9.75059,-82.14,9.88905,-0.59
7.79589,-35.88,9.90194,-82,10.04027,0.2
7.89818,-35.73,10.07684,-80.78,10.26308,1.55
7.98151,-34.96,10.21508,-80.23,10.38617,2.04
8.11236,-34.91,10.34443,-80.22,10.60603,2.08
8.22638,-34.86,10.4577,-79.83,10.76696,2.39
8.33338,-34.26,10.5701,-79.74,10.97212,2.49
8.49023,-34.19,10.71045,-79.61,11.14204,3.14
8.58215,-33.91,10.89822,-79.14,11.26491,3.15
8.66588,-33.67,11.0154,-79.09,11.62961,4.05
8.92814,-33.37,11.16322,-78.62,11.78624,4.12
9.07547,-33.15,11.29278,-78.32,12.12164,4.23
9.18548,-33.06,11.41962,-78.23,12.27243,4.66
9.2922,-32.91,11.62412,-78.13,12.39384,4.84
9.39669,-32.83,11.72614,-78.12,12.57398,5.39
9.49293,-32.65,11.85956,-77.71,12.72395,5.69
9.59025,-32.41,12.00641,-77.69,12.84843,6.03
9.70666,-32.39,12.15528,-77.65,13.00137,6.16
9.79775,-32.17,12.49721,-77.57,13.1371,6.46
9.92031,-31.87,12.78659,-76.95,13.2745,6.58
10.03383,-31.77,12.94631,-76.9,13.45513,6.67
10.25708,-31.58,13.0716,-76.1,13.57172,7.06
10.43356,-31.25,13.24401,-75.88,13.76549,7.06
10.56811,-31.12,13.42542,-75.72,13.96268,7.09
10.64895,-31.1,13.5343,-75.51,14.15993,7.97
10.84713,-30.81,13.67351,-75.34,14.29464,8.12
11.08143,-30.35,13.84084,-75.34,14.44801,8.38
11.16995,-30.01,13.95966,-75.1,14.62468,8.55
11.28716,-30.01,14.26381,-75.01,14.81824,8.58
11.37962,-29.99,14.43928,-74.81,15.0024,9.56
11.46651,-29.97,14.54852,-74.58,15.14443,10.13
11.60934,-29.2,14.65039,-74.52,15.28907,10.3
11.72805,-29.18,14.8171,-74.1,15.41772,10.31
11.82008,-28.9,15.04731,-73.89,15.59011,10.43
11.95011,-28.66,15.20209,-73.86,15.81525,10.44
12.07945,-28.63,15.45807,-73.69,16.00207,10.53
12.21918,-28.34,15.5775,-73.63,16.18581,10.78
12.32175,-28.09,15.74175,-73.44,16.50686,10.8
12.4345,-27.97,15.87549,-73.15,16.67832,11.09
12.51327,-27.37,15.98198,-73.04,16.84543,11.28
12.64288,-27.19,16.12517,-72.9,17.04815,11.59
12.76214,-27.17,16.28066,-72.88,17.23032,11.86
12.88953,-27.15,16.54887,-72.87,17.58614,13.66
13.01425,-26.9,16.71148,-72.73,17.73009,13.69
13.17299,-26.75,16.86002,-72.41,17.87222,13.76
13.26363,-26.69,17.00819,-71.92,18.03729,13.91
13.34632,-26.18,17.17781,-71.8,18.22587,13.96
13.43913,-26.08,17.32487,-71.74,18.3658,14.05
13.52896,-25.66,17.44399,-71.66,18.51452,14.24
13.65248,-25.59,17.61342,-71.51,18.82064,14.47
13.7435,-25.35,17.73162,-71.48,18.97326,14.51
13.84058,-24.97,17.85606,-71.36,19.18106,14.52
13.93497,-24.87,17.99119,-71.03,19.36523,14.74
14.02094,-24.78,18.0974,-70.68,19.55563,15.17
14.107,-24.68,18.25848,-70.57,19.69538,15.26
14.21098,-24.4,18.46249,-70.29,19.89511,15.29
14.30386,-24.37,18.61921,-70.07,20.03963,15.37
14.40045,-24.33,18.78284,-70.06,20.2136,15.4
14.63903,-23.89,18.89473,-69.7,20.34651,15.51
14.75251,-23.79,19.00697,-69.7,20.62165,15.65
14.85324,-23.75,19.12415,-69.64,20.82773,15.89
14.94803,-23.7,19.2555,-69.54,20.94658,15.93
15.07079,-23.64,19.43194,-69.54,21.12157,16.25
15.18809,-23.61,19.55288,-69.42,21.26073,16.49
15.30195,-23.43,19.67599,-69.28,21.40361,16.58
15.43726,-23.38,19.84225,-69.23,21.54749,16.68
15.52436,-23.37,20.00555,-69.09,21.90348,17.05
15.64759,-23.26,20.3167,-69.05,22.05462,17.14
15.77408,-23.21,20.44032,-68.94,22.21943,17.4
15.88307,-23.02,20.60043,-68.91,22.44532,17.52
16.01199,-22.79,20.76113,-68.84,22.80506,17.7
16.14113,-22.73,20.87918,-68.76,22.963,17.72
16.23659,-22.6,21.01328,-68.74,23.13505,17.78
16.32553,-22.46,21.12927,-68.35,23.3385,17.88
16.46113,-22.43,21.29607,-68.34,23.52053,17.95
16.57443,-22.23,21.40839,-68.33,23.69126,18.02
16.6642,-22.21,21.55689,-68.25,23.85965,18.29
16.87737,-22.14,21.82245,-67.77,24.03641,18.49
16.99305,-21.94,21.95836,-67.64,24.1859,18.49
17.11585,-21.68,22.10613,-67.43,24.39805,18.9
17.22835,-21.27,22.22996,-67.37,24.57368,19.18
17.39908,-21.2,22.37869,-67.17,24.8172,19.24
17.53092,-20.49,22.52317,-67.04,25.00898,19.32
17.64328,-20.45,22.66656,-66.95,25.16504,19.66
17.74977,-20.4,22.81329,-66.55,25.39208,19.92
17.95347,-20.2,22.94233,-66.51,25.57528,20.19
18.06345,-19.57,23.08121,-66.35,25.77735,20.2
18.1707,-19.05,23.22053,-66.31,26.06209,20.81
18.34681,-17.94,23.37103,-66,26.20054,20.95
18.44563,-17.86,23.48171,-65.71,26.32289,20.97
18.53134,-17.62,23.5827,-65.49,26.57301,20.99
18.68014,-17.23,23.8047,-65.32,26.85954,20.99
18.76584,-16.79,23.90232,-65.28,26.98921,20.99
18.87725,-16.7,24.02142,-65.13,27.20055,21.09
18.96266,-16.17,24.15027,-64.97,27.35093,21.36
19.08213,-16.05,24.28998,-64.71,27.56496,21.44
19.1619,-15.92,24.48377,-64.49,27.70443,21.72
19.27037,-15.82,24.64115,-64.4,27.91505,22.2
19.42525,-15.72,24.80897,-64.16,28.05398,22.64
19.51551,-15.7,24.98104,-64.01,28.21942,22.65
19.61223,-15.65,25.20988,-63.83,28.41214,22.66
19.7588,-15.31,25.32126,-63.79,28.699,22.76
19.88865,-15.22,25.54043,-63.76,28.83983,22.83
19.99201,-15.08,25.73114,-63.72,28.96841,22.9
20.10071,-14.79,25.82664,-62.94,29.15038,22.95
20.22928,-14.74,25.93835,-62.71,29.29704,23.44
20.38421,-14.67,26.13358,-62.56,29.52285,23.68
20.46886,-14.53,26.24499,-62.42,29.68305,23.69
20.59285,-14.4,26.4117,-62.11,29.83236,23.79
20.68366,-14.39,26.59127,-62.07,29.97907,23.96
20.79126,-14.11,26.73897,-61.87,30.11585,24.02
20.96178,-13.88,26.86569,-61.66,30.26792,24.45
21.05506,-13.73,27.0231,-61.66,30.4561,24.65
21.23819,-13.14,27.25551,-61.21,30.75064,24.81
21.35931,-13.11,27.3817,-61.14,31.00099,24.92
21.49649,-13.08,27.5759,-61.11,31.15035,24.96
21.81695,-13,27.69435,-60.98,31.28361,25.08
21.91181,-12.84,27.83397,-60.88,31.46263,25.21
21.99128,-12.84,27.95646,-60.8,31.92424,25.24
22.10458,-12.78,28.1227,-60.6,32.08532,25.6
22.1983,-12.73,28.54065,-60.58,32.25304,25.61
22.29888,-12.71,28.65824,-60.54,32.5143,25.67
22.53954,-12.6,28.8903,-60.52,32.73427,25.81
22.63896,-12.58,29.01995,-60.45,32.90209,26.05
22.79406,-12.26,29.1431,-60.15,33.03787,26.06
22.87208,-11.83,29.2647,-60.13,33.18602,26.09
22.95704,-11.8,29.41219,-60.03,33.32564,26.13
23.04996,-11.46,29.53388,-60,33.49957,26.17
23.22824,-11.42,29.73601,-59.9,33.64994,26.26
23.37358,-11.34,29.84646,-59.89,34.16979,26.27
23.55164,-10.98,30.03503,-59.56,34.39382,26.38
23.64764,-10.97,30.34584,-59.52,34.54564,26.53
23.74843,-10.96,30.46703,-59.44,34.8248,26.93
23.8359,-10.94,30.57081,-59.39,35.08582,27.32
24.06394,-10.32,30.8062,-59.08,35.38495,27.62
24.19158,-10.31,30.91702,-58.82,35.71043,27.62
24.39023,-10.01,31.05608,-58.63,35.84735,27.78
24.53453,-9.96,31.18732,-58.54,36.05071,27.88
24.76456,-9.12,31.35453,-58.54,36.21172,27.94
24.93883,-9.12,31.51812,-57.65,36.34252,28.3
25.04667,-9.04,31.77724,-57.63,36.57629,28.47
25.31164,-8.93,32.13479,-57.53,36.71719,28.5
25.39252,-8.92,32.27544,-57.42,36.89025,28.57
25.47677,-8.69,32.38794,-57.35,37.26699,28.77
25.58523,-8.5,32.48851,-57.06,37.53291,28.96
25.71164,-8.14,32.64437,-56.97,37.75687,29
25.97197,-8.03,32.99002,-56.59,37.99559,29.39
26.10357,-8.01,33.09993,-56.46,38.39711,30
26.27423,-7.94,33.26685,-56.33,38.64262,30.36
26.39255,-7.7,33.5138,-56.25,39.02432,30.43
26.66676,-7.64,33.82549,-55.93,39.34333,30.49
26.81699,-7.5,33.96698,-55.89,39.78672,30.62
26.94072,-7.34,34.26436,-55.86,40.10282,30.68
27.06439,-7.22,34.38526,-55.75,40.24419,30.71
27.24015,-7.07,34.54541,-55.59,40.41265,30.75
27.3379,-7.04,34.77993,-55.41,40.64414,31.02
27.4434,-6.4,35.13323,-55.38,40.93741,31.22
27.62438,-6.39,35.31712,-55.38,41.35994,31.7
27.8199,-6.27,35.54453,-55.35,41.52853,31.75
27.95299,-6.04,35.76302,-55.24,41.69959,32.19
28.19483,-6.04,35.99108,-55.1,42.03068,32.37
28.28113,-5.85,36.22471,-54.98,42.35393,32.45
28.53172,-5.74,36.38588,-54.95,42.69518,32.55
28.80627,-5.72,36.56392,-54.91,42.91145,32.59
29.02944,-5.67,36.86286,-54.65,43.28619,32.92
29.14649,-5.55,37.19905,-54.63,43.78488,32.93
29.33666,-5.17,37.37034,-54.44,43.973,32.93
29.47318,-5.06,37.48428,-54.32,44.21742,32.94
29.55358,-5.02,37.63977,-54.19,44.44543,32.97
29.73346,-4.7,37.93085,-53.93,44.70819,33.29
29.87942,-4.68,38.08172,-53.66,45.09958,33.3
30.02046,-4.61,38.34241,-53.66,45.25637,33.35
30.13472,-4.57,38.66681,-53.63,45.76735,33.76
30.4346,-4.51,38.92034,-53.36,46.03072,34.03
30.73676,-4.5,39.31152,-53.34,46.34744,34.2
30.83273,-4.5,39.56625,-53.26,46.67929,34.45
30.9608,-4.34,39.72665,-53.19,46.91435,34.55
31.1971,-4.25,39.99096,-53.13,47.24389,34.8
31.37253,-4.09,40.09372,-52.93,47.49381,34.8
31.50165,-4.05,40.24137,-52.76,47.78516,34.95
31.69845,-3.92,40.46663,-52.75,48.21228,35.04
31.79022,-3.76,40.59386,-52.61,48.43669,35.21
31.97244,-3.69,40.98809,-52.55,48.82011,35.31
32.08103,-3.65,41.21713,-52.5,49.23033,35.42
32.284,-3.56,41.34355,-52.23,49.70206,35.46
32.55776,-3.51,41.53922,-52.12,49.86396,35.5
32.80381,-3.46,41.7057,-52.03,50.26611,35.57
32.92305,-3.4,41.82955,-51.81,50.4113,35.93
33.04766,-3.18,42.18673,-51.79,50.70374,36.08
33.19564,-2.9,42.36113,-51.63,51.00327,36.08
33.28137,-2.42,42.47033,-51.5,51.14263,36.11
33.4334,-2.31,42.78597,-51.5,51.30755,36.17
33.63622,-2.31,43.09044,-51.48,51.53101,36.24
33.71828,-2.13,43.31626,-51.46,51.81456,36.48
33.80953,-2.04,43.50601,-51.1,51.96529,36.51
33.91868,-1.66,43.64272,-51.07,52.26403,36.62
34.00947,-1.61,43.99283,-50.86,52.56209,36.65
34.10534,-1.47,44.18155,-50.76,52.72243,36.74
34.27874,-1.34,44.29286,-50.71,52.92123,37.13
34.45429,-1.1,44.43402,-50.71,53.07667,37.13
34.54255,-0.97,44.5538,-50.65,53.45094,37.39
34.65465,-0.89,44.81892,-50.58,53.90979,37.6
34.81297,-0.79,44.9748,-50.48,54.10093,37.77
34.94307,-0.7,45.26851,-50.43,54.29631,37.93
35.21635,-0.31,45.47162,-50.29,54.47601,37.99
35.37083,-0.3,45.58843,-50.23,54.66804,38.16
35.51733,-0.24,45.85293,-50.21,54.90263,38.19
35.60613,-0.15,46.07947,-50.18,55.12059,38.22
35.80727,-0.08,46.27086,-50.09,55.3124,38.29
35.89084,-0.06,46.54156,-49.99,55.50233,38.46
36.10245,-0.05,46.66397,-49.85,55.71854,38.46
36.33026,0.07,46.80572,-49.75,56.07208,38.56
36.53286,0.14,47.10104,-49.65,56.30179,38.59
36.69812,0.24,47.29205,-49.51,56.70765,38.63
36.79716,0.35,47.49004,-49.24,56.94382,38.64
37.02666,0.56,47.6879,-49.17,57.25265,38.82
37.14619,0.75,47.83418,-48.93,57.65278,39.21
37.25985,0.76,47.95371,-48.88,57.80541,39.21
37.3612,0.83,48.0604,-48.63,58.22715,39.27
37.60876,0.88,48.38473,-48.61,58.49021,39.33
37.70044,0.92,48.64693,-48.6,58.73096,39.35
37.81218,1.05,48.90877,-48.5,59.16109,39.37
37.89636,1.09,49.02187,-48.47,59.55866,39.38
38.09809,1.19,49.13067,-48.4,59.73847,39.42
38.24451,1.36,49.47936,-48.15,60.17699,39.45
38.3387,1.44,49.62185,-48.07,60.34245,39.64
38.4252,1.45,49.73358,-48.02,60.61126,39.65
38.64322,1.86,49.8584,-48,60.91212,39.66
38.84728,1.87,50.07119,-47.57,61.16604,39.7
38.93378,2.01,50.33107,-47.42,61.32086,39.78
39.13665,2.17,50.52202,-47.35,61.52412,39.8
39.28313,2.18,50.63044,-47.32,61.7788,39.84
39.42172,2.22,50.75889,-47.24,62.03212,39.86
39.64796,2.48,50.92685,-47.22,62.36096,39.9
39.90189,2.49,51.25046,-47.1,62.55966,39.92
39.98768,2.65,51.36178,-46.94,62.90919,40.12
40.23618,2.76,51.58719,-46.86,63.16463,40.45
40.38235,3.28,51.88241,-46.75,63.58061,40.56
40.50701,3.48,52.0941,-46.74,63.73141,40.57
40.60164,3.57,52.28409,-46.66,63.90333,41.06
40.73042,4,52.60424,-46.64,64.24345,41.21
40.82446,4.24,52.75261,-46.59,64.50563,41.29
40.90923,4.4,52.87048,-46.54,64.85109,41.42
41.01893,4.44,52.98757,-46.43,65.10808,41.45
41.17112,4.47,53.26857,-46.33,65.53011,41.67
41.44413,4.55,53.41813,-46.1,65.99115,41.98
41.57883,4.56,53.57881,-46.01,66.19221,42.02
41.67003,4.69,53.73078,-46.01,66.4532,42.03
41.8038,4.7,53.8437,-45.75,66.70413,42.07
41.9667,4.7,53.97907,-45.61,66.89596,42.09
42.06796,4.72,54.23822,-45.5,67.2622,42.48
42.20043,4.87,54.40615,-45.27,67.5763,42.74
42.37652,5.08,54.5512,-45.15,67.78727,42.76
42.53337,5.22,54.67023,-45.06,68.06714,42.77
42.63501,5.27,54.94939,-45,68.32683,42.78
42.7582,5.47,55.17771,-44.99,68.48847,42.84
42.92054,5.68,55.34041,-44.93,68.67113,43.03
43.02022,5.75,55.47017,-44.91,68.93572,43.07
43.13541,5.88,55.66485,-44.9,69.1265,43.26
43.27133,5.92,55.88296,-44.85,69.28376,43.27
43.44085,5.96,56.06644,-44.64,69.51682,43.43
43.61372,6.04,56.23668,-44.52,69.65999,43.89
43.75649,6.09,56.42294,-44.48,69.96457,43.94
43.86955,6.12,56.77126,-44.4,70.25636,43.94
44.04432,6.13,56.88487,-44.33,70.59564,43.98
44.17347,6.22,57.11054,-44.23,71.09264,43.98
44.32333,6.25,57.31119,-44.02,71.24526,44.14
44.54157,6.3,57.44376,-43.82,71.44654,44.17
44.63298,6.46,57.58629,-43.73,71.87377,44.19
44.73648,6.51,57.74318,-43.58,72.31839,44.21
44.84051,6.55,57.93592,-43.5,72.51964,44.32
44.96273,6.59,58.17537,-43.47,72.65773,44.35
45.23187,6.64,58.3788,-43.41,72.9086,44.53
45.47619,6.65,58.65933,-43.4,73.10092,44.67
45.58287,6.76,58.88134,-43.39,73.34486,44.68
45.6994,6.8,59.05719,-43.15,73.72085,44.87
45.8539,7.06,59.19348,-43.06,74.17602,45.09
45.96512,7.17,59.51231,-43.01,74.46352,45.42
46.0512,7.19,59.68608,-42.91,74.89539,45.5
46.13829,7.26,59.84404,-42.75,75.25673,45.54
46.25997,7.27,59.96122,-42.75,75.44163,45.58
46.40162,7.39,60.17391,-42.68,75.74082,45.9
46.60035,7.5,60.34511,-42.6,76.03942,46.05
46.69985,7.55,60.5192,-42.59,76.39594,46.17
46.93449,7.61,60.72001,-42.41,76.93497,46.17
47.07552,7.65,61.08244,-42.26,77.37028,46.19
47.29404,7.73,61.19454,-42.26,77.78949,46.2
47.39649,7.74,61.51884,-42.23,78.23071,46.22
47.645,7.78,61.69167,-42.18,78.46564,46.22
47.80018,7.85,61.84868,-42.18,78.66762,46.31
48.07791,7.99,61.95263,-42.06,78.84913,46.33
48.29419,8,62.25879,-41.91,79.21868,46.43
48.44802,8.08,62.45998,-41.66,79.62513,46.47
48.58145,8.53,62.57817,-41.57,79.82095,46.52
48.67314,8.56,62.74814,-41.56,80.20962,46.58
48.78333,8.75,63.02894,-41.49,80.43848,46.72
48.91933,8.97,63.1612,-41.4,80.60738,47.24
49.09875,9.06,63.45073,-41.31,80.87176,47.3
49.21649,9.12,63.57294,-41.1,81.05448,47.57
49.38671,9.23,63.69692,-41.1,81.22033,47.63
49.61433,9.26,63.98379,-41.1,81.44216,47.66
49.83451,9.36,64.21033,-40.96,81.67996,47.74
50.02002,9.37,64.37813,-40.92,81.83592,47.75
50.22487,9.63,64.52456,-40.86,82.27378,47.81
50.37218,9.65,64.70867,-40.86,82.52361,48.1
50.50794,9.71,64.84372,-40.82,82.81353,48.37
50.63879,9.76,65.11438,-40.73,83.08769,48.45
50.849,9.76,65.25484,-40.7,83.27272,48.49
50.96995,9.86,65.56918,-40.67,83.6207,48.57
51.21083,9.87,65.83039,-40.64,83.85944,48.63
51.31231,10.11,66.12747,-40.64,84.11556,48.93
51.44357,10.24,66.35973,-40.56,84.38191,49.05
51.66381,10.33,66.49348,-40.48,84.74347,49.11
51.82966,10.61,66.6926,-40.41,84.95758,49.26
51.93513,10.68,66.83022,-40.38,85.25129,49.36
52.04029,10.84,67.00728,-40.22,85.41645,49.45
52.13671,11.13,67.19601,-40.15,85.73421,49.47
52.22681,11.3,67.41109,-40.14,85.97524,49.51
52.35156,11.39,67.55375,-39.72,86.20134,49.54
52.50492,11.65,67.94902,-39.66,86.46897,49.59
52.67973,11.81,68.25925,-39.58,86.62147,49.64
52.90171,11.92,68.42951,-39.43,86.75547,49.75
53.02228,12.22,68.71158,-39.42,87.04593,49.86
53.26294,12.25,68.95722,-39.35,87.27287,49.87
53.56705,12.25,69.08237,-39.29,87.54735,49.92
53.65588,12.35,69.25955,-39.07,87.78822,49.98
53.8248,12.43,69.37361,-38.57,88.08083,50.03
53.95514,12.47,69.5301,-38.55,88.41856,50.1
54.06614,12.54,69.66261,-38.39,88.72524,50.13
54.25782,12.59,69.81613,-38.23,89.12748,50.14
54.39292,12.66,69.94304,-38.14,89.57904,50.15
54.48926,12.67,70.1632,-37.76,89.77675,50.25
54.58723,12.7,70.29873,-37.74,89.96868,50.39
54.69042,12.78,70.42314,-37.69,90.12464,50.53
54.77336,12.96,70.66532,-37.6,90.37457,50.86
54.90386,13.11,70.82525,-37.54,90.8473,50.94
55.0052,13.29,70.98446,-37.29,91.1445,51
55.09779,13.51,71.13047,-37.28,91.34056,51.04
55.28315,13.53,71.3724,-37.2,91.66178,51.07
55.38756,13.81,71.49203,-37.13,91.99514,51.11
55.51367,13.9,71.60746,-36.98,92.20761,51.13
55.63741,14.1,71.74374,-36.8,92.58396,51.35
55.85,14.23,71.90667,-36.78,92.83909,51.46
56.01245,14.3,72.18412,-36.69,93.09975,51.64
56.24772,14.57,72.39615,-36.56,93.27184,51.71
56.34348,15.08,72.66551,-36.35,93.63389,51.77
56.4397,15.23,72.97259,-36.31,94.11773,51.9
56.64874,15.39,73.17719,-36.21,94.30383,51.93
56.80552,15.4,73.45532,-36.15,94.49918,51.94
56.90281,15.47,73.56024,-36.12,94.6447,52.08
57.07412,15.65,73.75836,-36.11,94.82523,52.2
57.18874,15.76,73.94194,-36.06,95.21607,52.37
57.37439,15.88,74.16482,-36.03,95.39799,52.48
57.47107,15.93,74.38829,-35.75,95.65386,52.75
57.58614,15.97,74.53846,-35.67,95.85631,52.84
57.83982,16.25,74.66448,-35.51,96.06831,52.98
58.01107,16.53,74.99481,-35.32,96.22747,53.24
58.10617,16.67,75.13477,-35.18,96.5954,53.29
58.24008,16.74,75.30948,-35.1,96.77083,53.32
58.32901,17.22,75.486,-34.97,97.16049,53.45
58.44096,17.32,75.60126,-34.92,97.4265,53.52
58.53067,17.6,75.7318,-34.84,97.71933,53.58
58.74387,17.61,75.85369,-34.7,97.96883,53.62
58.88141,17.66,75.98172,-34.66,98.16692,53.65
59.03735,17.8,76.13196,-34.49,98.36472,53.71
59.18754,17.82,76.2668,-34.48,98.69527,53.76
59.44581,17.99,76.46085,-34.23,98.9176,54.09
59.55551,18.01,76.64186,-33.86,99.3789,54.15
59.70134,18.2,76.97895,-33.82,99.63194,54.2
59.89535,18.73,77.09014,-33.39,100.02172,54.54
60.03611,19.04,77.23985,-33.16,100.25179,54.73
60.15127,19.11,77.429,-33.06,100.48033,54.75
60.28319,19.37,77.68225,-32.81,100.66728,54.83
60.42686,19.63,77.85444,-32.74,100.85978,55.29
60.51016,19.73,78.04166,-32.66,101.08869,55.38
60.6489,19.98,78.23087,-32.28,101.32852,55.7
60.85098,20.14,78.41666,-32.17,101.49556,55.73
60.94233,20.59,78.59627,-32.02,101.98237,56.05
61.14815,20.65,78.86174,-31.8,102.15503,56.87
61.23338,20.8,79.02201,-31.67,102.62787,56.94
61.37687,20.9,79.14124,-31.66,102.81263,57.01
61.46345,20.92,79.26179,-31.66,103.08092,57.24
61.55591,21.03,79.52559,-31.47,103.29551,57.48
61.68845,21.54,79.6588,-31.46,103.6514,57.77
61.78936,21.64,79.7852,-31.33,103.83111,57.82
61.93438,21.74,79.91682,-30.71,104.0217,57.89
62.16801,22.27,80.22005,-30.69,104.20551,58.6
62.26447,22.45,80.33253,-30.57,104.42135,58.85
62.3677,22.7,80.4583,-30.52,104.68989,59.02
62.61824,22.75,80.59385,-30.18,105.03252,59.1
62.74112,23.1,80.92091,-29.58,105.43344,59.18
62.83662,24.6,81.0927,-28.73,105.81476,59.19
62.94052,25.26,81.2041,-28.42,106.05023,59.21
63.11922,25.48,81.32877,-27.97,106.20036,59.23
63.35806,25.48,81.63791,-27.85,106.64971,59.49
63.49156,25.92,81.79977,-27.49,107.08164,59.55
63.58444,26.02,82.02722,-27.29,107.34066,59.65
63.75993,26.08,82.25686,-27.24,107.50328,59.69
63.96665,26.25,82.37651,-27,107.90709,60.05
64.0961,26.95,82.64194,-26.84,108.25904,60.91
64.22015,27.5,82.84052,-26.66,108.65795,62.1
64.31829,27.57,82.97994,-26.66,108.88351,62.25
64.40959,27.85,83.15124,-26.31,109.06096,62.29
64.56245,28.72,83.31782,-25.83,109.23717,62.76
64.67669,28.79,83.46665,-25.56,109.61755,63.01
64.78418,28.83,83.73844,-24.89,109.83516,63.52
65.00061,28.94,83.88759,-24.35,110.01092,63.58
65.2113,28.95,84.17015,-24.26,110.19485,63.97
65.32534,29.12,84.31755,-23.82,110.3971,64.26
65.41314,29.27,84.56851,-23.73,110.56412,64.56
65.52787,29.54,84.78517,-23.61,110.81952,64.95
65.6287,29.62,84.90179,-23.58,111.06826,65.07
65.82107,30.03,85.02953,-23.47,111.25523,65.56
65.914,30.07,85.15778,-23.13,111.42434,67.03
66.0804,30.53,85.2707,-23.04,111.61867,68.68
66.16878,31.08,85.39079,-22.44,112.0678,68.77
66.27393,31.33,85.50583,-22.11,112.2396,69.08
66.36046,32.55,85.61748,-22.05,112.47849,69.62
66.44599,33.02,85.75482,-21.24,112.69436,69.65
66.5539,33.34,86.00669,-20.62,112.88583,70.11
66.74684,33.65,86.24553,-20.01,113.121,70.8
66.92977,34.24,86.38656,-18.51,113.30273,71.5
67.03078,34.45,86.51862,-17.06,113.4617,77.52
67.15517,35.92,86.68127,-15.77,113.68775,79.07
67.26421,40.39,86.82377,-13.21,113.90218,79.65
67.40154,41.34,87.00329,-12.02,114.10311,83.37
67.49969,43.58,87.2713,-11.57,114.29628,85.65
67.70584,44.43,87.39927,-10.54,114.56614,86.02
67.83445,45.07,87.52763,-10.15,114.84038,87.23
67.93297,46.05,87.69575,-9.15,115.08653,87.35
68.02642,46.31,87.81665,-8.51,115.32999,87.5
68.14277,49.4,87.96874,-5.9,115.51869,89.95
68.26192,51.51,88.12462,-2.85,115.74798,99.03
68.37067,52.66,88.2669,-1.94,115.9918,99.27
68.48788,52.92,88.42023,-1.88,116.2429,99.42
68.59285,57.86,88.55761,2.57,116.45939,102.85
68.69234,61.61,88.6878,5.28,116.68279,103.69
68.79888,71.69,88.82726,13.46,116.92237,109.7
68.90313,72.74,88.96371,14.34,117.15756,110.84
