plant_id,lon,lat,province,region,emissions_feedstock_transport_kg_co2eq,emissions_digestate_transport_kg_co2eq,emissions_biogas_biomethane_leakage_kg_co2eq,emissions_anaerobic_digestion_and_biogas_upgrading_kg_co2eq,emissions_co2_transport_kg_co2eq,emissions_co2_injection_and_storage_kg_co2eq,emissions_CHP_kg_co2eq,credit_avoided_natural_gas_kg_co2eq,credit_avoided_npk_fertilisers_kg_co2,cdr_geological_storage_kg_co2eq,net_life_cycle_ghg_emissions_kg_co2eq,total_mitigation_kg_co2eq
1,114.03,33.55,Henan,Central_South_China,3633108.8,4310700.8,79933392,16969917.5,453286.1,2522464.7,4236531,-110842085.6,-78717722.5,-242964029.8,-130904628.9,-320464437
2,116.34,34.03,Henan,Central_South_China,3653988.8,4335475,74170418,10971954.2,1083029.1,2322349.9,4260879,-102048642.6,-79170125.5,-223688947.2,-122890853.2,-304109621.3
3,114.75,33.83,Henan,Central_South_China,3486862.2,4137178.4,73987943.3,13614610.8,418132.8,2326842.1,4065994.3,-102246041.5,-75549030.5,-224121642.3,-122084078.4,-299879150.4
4,115.03,33.29,Henan,Central_South_China,3608306.6,4281272.8,73667068.2,11250069.3,414735.6,2307937.3,4207609.4,-101415327.3,-78180338.7,-222300730.5,-122563731.3,-302159397.3
5,120.49,32.68,Jiangsu,East_China,2994007.6,3552404.1,69465863.3,17505040.6,395821.1,2202681.2,3491281.6,-96790164.8,-64870464.8,-212162450.3,-112555350.8,-274215980.4
6,115.67,36.05,Shandong,East_China,3080551.4,3655088.7,69380302.5,15960203.3,3622511.8,2194144.9,3592199.5,-96415061.9,-66745589.1,-211340230.7,-109855228.6,-273015879.6
7,115.42,36.52,Shandong,East_China,3144177.6,3730581.6,68933375.3,14448258.6,2493871,2174623.9,3666393.4,-95557272.2,-68124164.5,-209459969.9,-110868688.5,-274550125.2
8,114.37,35.59,Henan,Central_South_China,3185997,3780200.5,68337540.9,13158583.8,3179221.9,2151374.4,3715158.5,-94535644.1,-69030255.2,-207220578,-109712501,-273278400.3
9,115.43,34.16,Henan,Central_South_China,3395598.8,4028894,66976865.3,8287181.8,375737.1,2090917.1,3959573.1,-91879027.7,-73571648.7,-201397318.4,-112282551.2,-277733227.6
10,113.55,33.55,Henan,Central_South_China,3268477.3,3878063.8,66749787.4,10210781.8,375804,2091289.1,3811338,-91895376.5,-70817337.5,-201433154.8,-111047613.4,-273760327.4
11,114.72,38.27,Hebei,North_China,2831164.5,3359190.1,66738390.9,17582275.3,380805,2119119,3301392,-93118276.4,-61342182.2,-204113731.2,-107801394.4,-262261853
12,114.95,34.78,Henan,Central_South_China,3206061.5,3804007.2,66130674.7,10657987.7,1611156.7,2073963.8,3738555.6,-91134068.2,-69464989.2,-199764379.5,-108541972.3,-269141029.7
13,113.6,34.04,Henan,Central_South_China,3096407.6,3673902.2,65230487.7,11627319,368383,2049992.7,3610689.2,-90080732.4,-67089142.1,-197455484.8,-107798303.4,-264968177.9
14,114.95,35.94,Henan,Central_South_China,2980164,3535978.7,63472918.8,11867994.5,3395543,1996875.5,3475138.8,-87746656.1,-64570520.2,-192339227.9,-101614614.6,-253931790.9
15,115.69,35.03,Shandong,East_China,3227562.7,3829518.4,62921886.6,7151645.9,1919100.7,1961903.8,3763627.9,-86209928.5,-69930849.4,-188970746.2,-104195500.2,-260336278.1
16,115.24,33.73,Henan,Central_South_China,3238721.2,3842758,61528601.5,5598392.5,343788.6,1913128.7,3776639.7,-84066653.7,-70172618.8,-184272723.1,-104030692.9,-258269965.4
17,116.37,37.05,Shandong,East_China,3017174.9,3579892.2,61260901.9,9076267.6,1464690,1918193.6,3518296.8,-84289215.9,-65372425.4,-184760575.8,-100925158.8,-250586800.1
18,116.95,34.29,Anhui,East_China,2732919.6,3242622,60979839.9,13599696.1,1971811.8,1926844.7,3186829.6,-84669362.2,-59213533.1,-185593850.2,-97953286.5,-241836181.8
19,114.95,34.28,Henan,Central_South_China,2963571.5,3516291.6,60711487,9442979.9,603682.1,1902703.4,3455790.5,-83608548.9,-64211013.9,-183268564.9,-100672058.9,-248491621.7
20,115.93,34.31,Henan,Central_South_China,3170940.9,3762336.4,60650230.8,5882189.9,674910.2,1887207.6,3697601.8,-82927633.1,-68704038.3,-181776008.7,-102050591.1,-253682262.5
21,112.6,26.89,Hunan,Central_South_China,2302918.5,2732423.7,59946198,19846352.3,5382745.7,1918945,2685409.7,-84322235.5,-49896798.5,-184832954.2,-90017961.3,-224236995.3
22,115.79,35.51,Shandong,East_China,3040281.9,3607308.9,59888612,7341867.7,2734057.9,1869371.5,3545241.7,-82143876.2,-65873080.9,-180058026.4,-98031284.8,-246048241.9
23,112.77,33.01,Henan,Central_South_China,3057359.3,3627571.2,59751667.4,6919418.1,334878.6,1863546.1,3565155.4,-81887896.6,-66243091.3,-179496923.2,-100377327.1,-248508315
24,106.43,29.6,Chongqing,Southwest_China,2004020.1,2377779.3,59643549.8,24595838.6,346424.4,1927796.6,2336867.3,-84711192.7,-43420636.3,-185685542,-92453265.9,-220585094.9
25,115.26,37.99,Hebei,North_China,2693760,3196159,59612576.5,12921398.3,338233.3,1882214.4,3141166,-82708222.1,-58365070.6,-181295063.2,-97509555.7,-238582848.4
26,114.95,36.72,Hebei,North_China,2853464.8,3385649.5,59357050.9,9974967.4,1724704.1,1863094.4,3327396.1,-81868047.8,-61825357.3,-179453415.1,-96967087.9,-240660493
27,118.8,36.8,Shandong,East_China,2581795.9,3063313.1,59349884.5,14554224.9,941045.4,1880379.9,3010605.9,-82627610.2,-55939171.6,-181118363.4,-95737113.8,-234303895.6
28,114.6,32.9,Henan,Central_South_China,3200859,3797834.3,59138327.6,3896041.1,329413,1833130.6,3732488.9,-80551383.3,-69352265.9,-176567308.2,-100639213.7,-250542862.9
29,116.17,34.84,Shandong,East_China,3171142.9,3762576.1,58824569.1,4090342.3,1649983.3,1824226.8,3697837.4,-80160129.8,-68708415.4,-175709686.8,-98689008.9,-247557554.1
30,114.43,35.1,Henan,Central_South_China,2926588.7,3472411.3,58776283.2,8171573.5,1999094.6,1838344.2,3412665.2,-80780478.4,-63409715.5,-177069480.7,-96472520,-240662713.9
31,112.32,32.68,Henan,Central_South_China,3014296,3576476.5,58663326,6580255.7,328632.6,1828787.9,3514939.8,-80360554.4,-65310049.9,-176149014.2,-98642299.7,-244312904
32,114.51,33.43,Henan,Central_South_China,2959817.3,3511837.2,57949346.1,6800536.3,324839.2,1807678.3,3451412.7,-79432958.8,-64129672.1,-174115740.1,-97310273,-240872903.9
33,110.83,21.67,Guangdong,Central_South_China,2115673.9,2510257.1,57582785.4,20692167,2011434.7,1849514.2,2467065.7,-81271307.8,-45839814,-178145370.8,-88916472.8,-216027594.6
34,114.5,34.59,Henan,Central_South_China,2380058.9,2823951.1,57347819.6,15998679.7,1057306,1824347.4,2775362.3,-80165431.7,-51568181.8,-175721308.6,-91513783.6,-223247397.1
35,116.07,28.46,Jiangxi,East_China,2168177.4,2572552.7,56973451.9,19208900.9,4532216.6,1825109.6,2528289.5,-80198921.8,-46977394.3,-175794718.4,-85986019.8,-213162335.9
36,117.33,33.47,Anhui,East_China,3034670,3600650.3,56941676,4549758.7,1472223.2,1768092.6,3538697.7,-77693483.3,-65751488.2,-170302838.3,-95397069.8,-238842041.3
37,115.25,35.18,Shandong,East_China,2959858.6,3511886.3,56941408.5,5812452.1,2049241.8,1772911.5,3451460.9,-77905234.8,-64130568,-170766994.2,-94267774.5,-236303577.3
38,113.65,35.28,Henan,Central_South_China,2706352,3211099.4,56906012.2,10057443.6,2112464.2,1788051.3,3155849.4,-78570506.6,-58637898,-172225258.9,-92287986.8,-229496391.4
39,116.65,34.68,Jiangsu,East_China,2642210.9,3134995.7,56803362.7,11039707.7,1830585.1,1788650.3,3081055.2,-78596830.6,-57248169.1,-172282960.7,-91962393.1,-227807392.8
40,111.91,32.98,Henan,Central_South_China,2930471.5,3477018.3,56027355.3,5413145.6,353576.9,1743282,3417192.9,-76603255.7,-63493843.9,-167913077.3,-94551034.8,-234648134.4
41,115.12,32.78,Henan,Central_South_China,2962072.6,3514513.2,55939293.6,4793393.8,312354.9,1738205.3,3454042.6,-76380174.2,-64178537.8,-167424086.3,-94710210.3,-235268922.3
42,117.82,33.59,Anhui,East_China,2928627.6,3474830.4,55935281.2,5354078.2,1060069.4,1740225.3,3415042.7,-76468939.6,-63453891.6,-167618658.7,-93710503.9,-233633335.1
43,119.9,33.93,Jiangsu,East_China,2531266.2,3003359.3,55232324.6,11373657.4,312969.4,1741624.7,2951683.6,-76530429.1,-54844354.6,-167753442.6,-90606557.4,-221981341.1
44,116.81,37.26,Shandong,East_China,2898223.5,3438755.8,54876202.4,4829871.4,875682.5,1705659.5,3379588.8,-74950047.2,-62795133.3,-164289271.5,-92285287.6,-230030468.1
45,114.18,34.18,Henan,Central_South_China,2622889.4,3112070.6,54810280.6,9413447.5,333625.4,1721155.1,3058524.5,-75630955.5,-56829533.7,-165781811.2,-90709818.1,-223170307.3
46,115.96,32.91,Anhui,East_China,2741984.9,3253378,54783599.6,7376756.1,307744.4,1712548.7,3197400.6,-75252776.4,-59409948,-164952848.8,-91579436.5,-226242160.9
47,117.2,37.6,Shandong,East_China,2831449.1,3359527.7,54625927.2,5711976.2,408879.5,1701336.8,3301723.8,-74760101,-61348347.4,-163872912.4,-91932092.1,-228040540.5
48,115.53,33.25,Anhui,East_China,2841611.5,3371585.5,54346097,5266290.7,303877.4,1691029.5,3313574.1,-74307177.2,-61568534.6,-162880110.9,-91746045.2,-227621757
49,115.35,35.67,Henan,Central_South_China,2610356.9,3097200.8,54037445.8,8867941.7,2751401.4,1695308.5,3043910.5,-74495205.6,-56557995.9,-163292266.1,-87188700.5,-218241902
50,120.5,36.83,Shandong,East_China,2643428.8,3136440.8,53675805.8,7955360.2,2319309.2,1680701,3082475.3,-73853324.1,-57274556.8,-161885272.5,-87391751.4,-218519632.3
51,113.94,33.1,Henan,Central_South_China,2707073.5,3211955.5,53030441.3,6248713.2,504443.6,1654334.7,3156690.8,-72694735.3,-58653531.5,-159345664.8,-88832012.2,-220180279
52,116.28,35.61,Shandong,East_China,2842377.2,3372494,52566973.1,3510515.1,2679968,1629617.3,3314467.1,-71608606.7,-61585125.9,-156964888.9,-87048477.1,-220242209.7
53,120.44,33.14,Jiangsu,East_China,2498560.6,2964553.9,52420112.4,9170916.7,295918.8,1646741,2913545.9,-72361055.2,-54135730,-158614243.6,-86703894.3,-213200679.5
54,118.7,35.59,Shandong,East_China,2528544.3,3000129.7,52414028.5,8658775.8,2658904.7,1644596.1,2948509.6,-72266804,-54785380,-158407646.4,-84554157.7,-211606341.7
55,116.57,36.64,Shandong,East_China,2765762.6,3281590.4,52201233.6,4445631.5,1863176.4,1621947.3,3225127.5,-71271571.4,-59925133.9,-156226112.9,-86821643.6,-218018348.9
56,120.25,32.25,Jiangsu,East_China,2174885.7,2580512.1,52061601.5,14283952.6,297450.6,1655264.9,2536112,-72735611.5,-47122741.6,-159435264.9,-83845485.5,-203703838.6
57,113.64,31.04,Hubei,Central_South_China,2212691.9,2625369.4,51982964.4,13568678.9,707361.4,1650112.8,2580197.4,-72509216.5,-47941880.4,-158939010.8,-83611634.6,-204062731.5
58,115.42,34.63,Henan,Central_South_China,2726598.6,3235122.1,51624403.7,4541724.6,947034.9,1604579.8,3179458.7,-70508406.3,-59076576.4,-154553267.6,-86694345.2,-216279327.9
59,115.26,32.32,Henan,Central_South_China,2198648.5,2608706.8,51542864.5,13374632.3,293959.9,1635839.9,2563821.5,-71882037.2,-47637604.2,-157564243.9,-83345770.5,-202865411.9
60,120.87,32.35,Jiangsu,East_China,2242122.2,2660288.5,51151221.6,12257057.4,368445.4,1619526.3,2614515.7,-71165185.5,-48579538.9,-155992916.9,-83079739.8,-202824464.2
61,114.38,36.06,Henan,Central_South_China,2335682.2,2771297.9,50934174.8,10464968.2,2064113.8,1606002.2,2723615.1,-70570908.3,-50606682,-154690270.9,-81790416.7,-202968007
62,119.31,36.14,Shandong,East_China,2625352.8,3114993.5,50755264.6,5399524.5,1907721,1581136.9,3061397.1,-69478281.4,-56882908.1,-152295250.8,-83849860.4,-210211049.9
63,114.2,32.67,Henan,Central_South_China,2666796,3164166,50637215.6,4584244.2,288164.3,1574390.7,3109723.6,-69181840.7,-57780847.8,-151645457.6,-85620757.2,-212583445.7
64,103.9,30.56,Sichuan,Southwest_China,1703552,2021272.6,50621610.7,20830314.8,293991.8,1636017.6,1986494.6,-71889846.4,-36910465.7,-157581361.6,-78488107.5,-187288419.6
65,116.28,33.37,Anhui,East_China,2815272,3340333.5,50618217.3,2059081.2,281077.8,1564153.3,3282859.9,-68731985.4,-60997842.4,-150659382.1,-86698387.1,-216428214.9
66,118.18,34.59,Shandong,East_China,2608767,3095314.4,50457431.3,5387763.5,1803759.2,1571934.9,3042056.5,-69073927.9,-56523547.1,-151408914.4,-83441887.6,-209039362.6
67,117.39,33.93,Anhui,East_China,2705898.2,3210561,50105841.1,3403585.2,1707169.9,1553539.9,3155320.3,-68265612,-58628067.1,-149637099.5,-83795183.9,-210688863
68,120.04,33.45,Jiangsu,East_China,2202486.8,2613261,50041723.3,11839300,284611.4,1583817.2,2568297.4,-69596057.2,-47720769.2,-152553413.4,-81419916.3,-198736742.7
69,116.76,35.76,Shandong,East_China,2601089.9,3086205.5,49462741,4542957.4,2984495.4,1538123.1,3033104.4,-67588169.5,-56357210.3,-148152156.6,-80903439.9,-204848819.7
70,119.75,36.46,Shandong,East_China,2604956.8,3090793.5,49307155.7,4325264.8,1671758.2,1532507.4,3037613.5,-67341402.1,-56440992.4,-147611246.4,-82041196.5,-205823591
71,114.86,35.49,Henan,Central_South_China,2675851.4,3174910.3,49164487.8,2988672.3,2225481.2,1523011.4,3120283,-66924128.5,-57977049.5,-146696589.7,-81823892.3,-206725070.3
72,117.48,36.96,Shandong,East_China,2493187.5,2958178.7,49108093.2,6017136.1,1397705.8,1532854.9,2907280.4,-67356673.4,-54019312.5,-147644720.8,-81230284.2,-202606270.1
73,114.74,37.76,Hebei,North_China,2303927.6,2733621,49066454.2,9171406,277390.4,1543633.1,2686586.5,-67830286.9,-49918663.4,-148682874,-80899855.2,-198648805.5
74,113.13,35.06,Henan,Central_South_China,2298283.9,2726924.7,48959189,9161605.1,1676677.7,1540297.7,2680005.3,-67683723.3,-49796381.3,-148361608.9,-79318625.5,-196798730.1
75,118.63,39.5,Hebei,North_China,2342908.3,2779871.8,48936679,8386209.7,1400375,1536641.3,2732041.5,-67523057.5,-50763249.4,-148009432.2,-79894705.6,-198181012.5
76,118.77,35.1,Shandong,East_China,2514333.2,2983268.3,48730988.3,5290740.3,1763405.5,1518483.7,2931938.3,-66725174.8,-54477472.8,-146260486.5,-80527328.9,-201729976.5
77,113.05,34.01,Henan,Central_South_China,2450050.5,2906996.5,48633250.2,6280207,392802,1519261.3,2856978.9,-66759344.1,-53084674.6,-146335384.8,-81295838.4,-201139857.1
78,118.36,33.83,Jiangsu,East_China,2045331.6,2426795.7,48614485.1,13094235.5,707077.3,1544733.5,2385040.3,-67878643.4,-44315724.7,-148788870.6,-77971171.6,-190165539.7
79,116.79,33.32,Anhui,East_China,2751993.4,3265253.1,47742951.1,310701.4,785315,1469068,3209071.4,-64553750,-59626799.8,-141500758.9,-81966405.5,-206146955.3
80,113.17,32.77,Henan,Central_South_China,2590423.4,3073549.6,47616127.6,2914066.8,265078.8,1475121.1,3020666.3,-64819734.4,-56126100.9,-142083792.3,-81128758.7,-202074594
81,117.69,37.71,Shandong,East_China,2391034.6,2836973.8,47214052.4,5886245.7,449548,1474121.3,2788161,-64775803.8,-51805989.6,-141987497.2,-78947360.4,-195529153.8
82,116.11,36.25,Shandong,East_China,2343619.1,2780715.2,46922421.3,6401022.3,2234850.4,1467122.9,2732870.3,-64468279.6,-50778649.9,-141313409.2,-76430787.7,-191677717.2
83,115.27,30.43,Hubei,Central_South_China,1970177.1,2337624.5,46813896.3,12599108.5,1602942.8,1487480.7,2297403.4,-65362843,-42687369.5,-143274277.4,-74165644.1,-182215856.6
84,117.87,34.11,Jiangsu,East_China,2130115.4,2527391.9,46410592.6,9503972.1,1364732,1463248.7,2483905.7,-64298037.6,-46152713.4,-140940241.4,-75056283,-185507034
85,112.76,32.51,Henan,Central_South_China,2467184.3,2927325.8,45901482.3,3314889.2,255880.8,1423935.7,2876958.4,-62570550.7,-53455907.4,-137153618.6,-77985962.1,-194012420.2
86,119.12,33.86,Jiangsu,East_China,2167435.6,2571672.5,45723054.2,8200417.3,258251.2,1437126.6,2527424.5,-63150184.3,-46961322,-138424165.8,-75538783.9,-185650290.2
87,104.26,31.16,Sichuan,Southwest_China,1705503.9,2023588.4,45704727.7,15980734.5,263494.8,1466306.3,1988770.7,-64432397.6,-36952755.6,-141234756.5,-72101630.2,-173486783.4
88,111.86,32.29,Hubei,Central_South_China,1891411.3,2244168.5,45674964.3,12813113.2,261154.3,1453281.8,2205555.4,-63860075.4,-40980768.6,-139980235.6,-73436586.8,-178277430.8
89,121.56,31.1,Shanghai,East_China,1562437.6,1853839.6,45460822.6,18157028.2,2347511.1,1467127,1821942.6,-64468461.2,-33852972.3,-141313807.2,-68643098.5,-166964532
90,112.18,31.8,Hubei,Central_South_China,1914744.7,2271853.6,45395479.3,12145416.2,297283.6,1442136.4,2232764.2,-63370323.6,-41486326.9,-138906707.7,-73207029.7,-178063680.2
91,116.51,32.92,Anhui,East_China,2479608.1,2942066.7,45234261,2451535.4,333518.9,1400121.2,2891445.6,-61524093.1,-53725091,-134859800.8,-77127243.9,-192376428
92,115.97,33.73,Anhui,East_China,2512042.3,2980550,45109325.6,1781597.4,263648,1393718.9,2929266.8,-61242764,-54427835.3,-134243131.9,-77272982.9,-192943582.2
93,121.52,31.84,Jiangsu,East_China,2127917.5,2524784.2,44816450.3,7979437.2,1333029.2,1408407.9,2481342.9,-61888225.5,-46105093.7,-135657972.9,-72986603.7,-180979922.9
94,114.74,36.35,Hebei,North_China,2252382.1,2672462,44601596.4,5667769,1830542.5,1392964.9,2626479.8,-61209629.5,-48801839.3,-134170501.8,-73126305.1,-183137773.9
95,115.57,32.7,Anhui,East_China,2326230.7,2760083.8,44140887,3969750.9,246603.4,1372308.8,2712593.9,-60301962.5,-50401899.8,-132180910.5,-74652452,-185356314.3
96,123.3,41.79,Liaoning,Northeast_China,1709448.4,2028268.6,44089397.5,14331749.9,1829317.9,1410338.4,1993370.3,-61973054.5,-37038219.8,-135843916.8,-68452025.8,-167463300.1
97,112.46,28.54,Hunan,Central_South_China,1819985.9,2159421.9,44074545.3,12451120.6,1626703.7,1402692.3,2122267,-61637072.4,-39433210.6,-135107449.5,-69450712.8,-170520995.8
98,112.49,29.3,Hunan,Central_South_China,1901626.4,2256288.7,43976306.4,10976640.9,613552.8,1394035.2,2217467.1,-61256660.2,-41202096,-134273592.3,-70937674.8,-173396431
99,117.26,35.75,Shandong,East_China,2245555.4,2664362,43840450.4,5037391,2758686.4,1367153.2,2618519.2,-60075414.3,-48653925.4,-131684320.8,-71152203.2,-179881542.9
100,113.69,30.58,Hubei,Central_South_China,1899684.5,2253984.6,43678575.8,10717764.1,248684.9,1383891.6,2215202.6,-60810933.7,-41160020.9,-133296567.1,-70898779,-172869733.6
101,115.71,39.11,Hebei,North_China,2048478.8,2430529.7,43574013.5,8103408,246311.2,1370682.5,2388710.2,-60230496.9,-44383912.4,-132024259.1,-71862125.2,-176476534.5
102,113.81,34.48,Henan,Central_South_China,2049960.1,2432287.4,43568010.4,8072518.9,633710.8,1370379.8,2390437.6,-60217197.7,-44416009.1,-131995107.6,-71477802.6,-176111009.4
103,118.61,34.25,Jiangsu,East_China,2040115.1,2420606.2,43295785.1,7972047,903475.3,1361626,2378957.4,-59832538.9,-44202698.7,-131151941.7,-70779329.6,-174814567.2
104,118.33,36.91,Shandong,East_China,2077348.2,2464783.5,43248205.3,7296872.4,790808.8,1357582.1,2422374.5,-59654838.9,-45009420.3,-130762426.2,-71104451.4,-175768710.6
105,112.7,34.82,Henan,Central_South_China,2114086.5,2508373.6,43023802.4,6456834.9,1341103.7,1347471.3,2465214.6,-59210553.3,-45805419.2,-129788559.6,-70531672.6,-175547645.1
106,126.53,45.7,Heilongjiang,Northeast_China,1715484.5,2035430.5,42912773.6,13077215.3,246074.7,1369366.6,2000409,-60172672.8,-37169003.9,-131897509.7,-68540755.5,-165882432.2
107,112.64,34.26,Henan,Central_South_China,2135521.7,2533806.5,42854120.8,5928746.8,880357.5,1340235.6,2490210,-58892599.9,-46269850.6,-129091610.9,-70928612,-176091062.5
108,115.9,36.94,Shandong,East_China,2278107,2702984.7,42787629.7,3456505.2,1094187.8,1328740.2,2656477.3,-58387471,-49359213.2,-127984376.8,-71679744.9,-179426429.1
109,86,44.4,Xinjiang,Northwest_China,2153001.3,2554546.3,42745857.1,5527601,239966.2,1335373.4,2510592.9,-58678947.4,-46648578.7,-128623288.2,-71556350,-176883876.1
110,114.64,32.42,Henan,Central_South_China,2393513,2839914.5,42652342.9,1375706.5,236597.3,1316626.1,2791051.1,-57855154.2,-51859690,-126817547,-73211795.6,-182926639.8
111,118.88,36.33,Shandong,East_China,2127846.9,2524700.4,42600228.1,5809595.2,1286001.3,1331974,2481260.5,-58529570.9,-46103563.5,-128295857.3,-70134250.9,-174767385.3
112,119.56,33.62,Jiangsu,East_China,1939645.5,2301398.6,42365710.2,8757049.7,240084.4,1336031.4,2261800.8,-58707859.8,-42025848.3,-128686663.6,-69484943,-170218651.1
113,117.69,34.6,Shandong,East_China,2325757.5,2759522.3,42349595.2,2222971.8,1840108.4,1310557,2712042.1,-57588464.3,-50391646.5,-126232967.1,-70712412.8,-178692523.6
114,112.05,34.56,Henan,Central_South_China,2193323.8,2602389.1,42346139.6,4455315,1617400.3,1318984.7,2557612.5,-57958794.7,-47522236.2,-127044725.3,-69953560.3,-175434591.2
115,113.32,29.28,Hunan,Central_South_China,1638512.4,1944102.8,42305648.4,13781901.6,648057.7,1353394.1,1910652.6,-59470812.5,-35501267.8,-130359043.4,-66776773.8,-161748854.1
116,115.73,38.17,Hebei,North_China,2132163.3,2529821.9,42011547.6,5160048,235656.6,1311391.6,2486293.9,-57625139.4,-46197086.8,-126313358.3,-70446435.4,-174268661.6
117,116.79,33.81,Anhui,East_China,2234293,2650999.2,41743907,3173725.2,940961.3,1295569.4,2605386.2,-56929880.9,-48409906.1,-124789363.1,-70144521.8,-175484308.8
118,117.16,35.08,Shandong,East_China,2098554.3,2489944.6,41702112.6,5424305.3,2086675.7,1302888.1,2447102.8,-57251478.4,-45468887.9,-125494299.6,-67942716.2,-170663082.5
119,114.02,35.25,Henan,Central_South_China,2039931.5,2420388.4,41661304.1,6373991.5,1580026,1305264,2378743.3,-57355878.1,-44198721.2,-125723141.9,-67963493.1,-169518092.4
120,117.89,39.71,Hebei,North_China,2054606.7,2437800.5,41599145.9,6065356.8,571391.9,1302173,2395855.8,-57220055.4,-44516684.1,-125425420.8,-68999090.2,-170735829.7
121,119.47,34.24,Jiangsu,East_China,2091002.9,2480984.9,41323094.8,5180497.2,231867,1290303,2438297.1,-56698462.8,-45305273.6,-124282098.5,-69246051.6,-171249788
122,117.19,32.99,Anhui,East_China,2126051.4,2522570.1,41125833.2,4395573.6,533397.8,1281237.4,2479166.8,-56300104,-46064661.2,-123408902.5,-68945072.2,-171309837.4
123,113.13,23.15,Guangdong,Central_South_China,1322350.1,1568974.7,41014465.3,17854455.7,4797405.8,1329264.9,1541979,-58410527.8,-28651052.7,-128034916.7,-58606021.2,-145667601.7
124,117.22,32.45,Anhui,East_China,1809179.1,2146599.6,40782305.1,9408446.5,231783.7,1289839,2109665.3,-56678076.5,-39199062.7,-124237412.1,-66459593.8,-162336733
125,114.21,30.4,Hubei,Central_South_China,1567925.4,1860350.9,40612586.1,13315001.7,262957,1299555.2,1828341.8,-57105024,-33971874.4,-125173273.9,-64426555.8,-155503454.2
126,111.46,27.16,Hunan,Central_South_China,1724863.5,2046558.7,40096225.5,10159761.4,3312977.1,1271617.4,2011345.7,-55877380.3,-37372215.2,-122482299.2,-61858949.9,-155108545.4
127,113.2,33.26,Henan,Central_South_China,2142839.7,2542489.4,40068916.2,3076789.3,373012.8,1243700.4,2498743.5,-54650655.4,-46428408.8,-119793338.3,-67846847,-168925911.2
128,110.74,26.93,Hunan,Central_South_China,1743982.9,2069243.9,40043320.7,9785164.3,3847017.5,1268558.8,2033640.6,-55742978.5,-37786470.7,-122187692.6,-61396763.9,-154926213.1
129,119.41,36.79,Shandong,East_China,2049771.8,2432063.9,40006126.5,4586439.9,827326,1247541.1,2390218,-54819423.4,-44411928.4,-120163275,-66623787.8,-165855139.6
130,106.23,30.92,Sichuan,Southwest_China,1697516.2,2014111,39873962.5,10403703.5,227448.8,1265716.3,1979456.3,-55618077.7,-36779688.1,-121913912.1,-64451997.5,-156849763.3
131,110.1,22.68,Guangxi,Central_South_China,1409408.1,1672269.4,39806871.2,15201782.3,2013395.8,1281996,1643496.4,-56333439,-30537318.1,-123481972.4,-60452753.2,-147323510.3
132,116.17,35.19,Shandong,East_China,2099648.5,2491242.9,39569177.5,3316388.3,1500280.5,1229251.7,2448378.7,-54015748.7,-45492595.2,-118401633.3,-65747265.2,-165255609.1
133,117.72,33.13,Anhui,East_China,2129285.6,2526407.4,39331925.6,2583644.2,462594.5,1219156.1,2482938.2,-53572127.5,-46134735.3,-117429222.9,-66693271.3,-166400134.1
134,80.71,43.94,Xinjiang,Northwest_China,2066797.5,2452265,39163936,3473996.2,2201626.7,1217394.9,2410071.4,-53494736,-44780819.5,-117259582,-64273494.3,-162549049.8
135,115.22,36.22,Hebei,North_China,1901567.7,2256219.1,39036278.9,6138328.7,1737940.4,1223655.4,2217398.7,-53769835.7,-41200825.3,-117862596,-63351207.1,-158321868.1
136,119.07,39.77,Hebei,North_China,1913594.7,2270489.2,39014437.7,5913894.6,1579441.3,1222125.9,2231423.3,-53702626.4,-41461411.4,-117715274.3,-63569867.6,-158733905.4
137,112.24,22.61,Guangdong,Central_South_China,1281311.1,1520281.7,38779615,16357988.1,3340555.9,1254832.6,1494123.8,-55139822.6,-27761870.1,-120865584.9,-56836876.7,-139738569.4
138,121.75,37.2,Shandong,East_China,1872159.9,2221326.6,38758398.9,6362573.3,2564778.2,1215969.1,2183106.6,-53432084.6,-40563653.1,-117122251.1,-61943938.5,-155939676.2
139,114.34,33.87,Henan,Central_South_China,2042002.7,2422845.8,38656004.5,3395003.7,215904.9,1201476.3,2381158.5,-52795242.3,-44243596.5,-115726303.3,-65411906.9,-162450745.7
140,103.47,30.38,Sichuan,Southwest_China,1534094,1820209.8,38415828.8,11734172.7,220306.7,1225971.5,1788891.3,-53871611.9,-33238857.2,-118085687.7,-61346212.9,-148456682
141,112.57,32.12,Hubei,Central_South_China,1768277.4,2098069.5,38144135.3,7514565.9,215906.8,1201487.2,2061970.2,-52795720.7,-38312854.1,-115727352,-62722939.7,-153831514.5
142,116.75,37.72,Shandong,East_China,2128255.7,2525185.4,38014406.8,1310376.1,210928,1173780.8,2481737.2,-51578247.4,-46112420.1,-113058670.5,-65214000.5,-162904668
143,112.78,26.42,Hunan,Central_South_China,1565370.4,1857319.3,37984301.2,10783440.1,3977022.5,1209069.5,1825362.4,-53128902.3,-33916515.1,-116457680.5,-57255795.1,-144301212.5
144,117.95,35.04,Shandong,East_China,1904656.5,2259883.9,37689282.9,4766653.3,1852474.3,1176997.6,2221000.5,-51719600.4,-41267748.8,-113368513.9,-61497564.9,-154484914.1
145,117.03,39.95,Hebei,North_China,1703882.4,2021664.5,37614869.7,8083199.2,354427.8,1187388.5,1986879.9,-52176195.2,-36917623.2,-114369362.2,-61417050.2,-150510868.6
146,112.91,30.66,Hubei,Central_South_China,1940031.9,2301857,37591566.6,4073726.6,210490.2,1171344.3,2262251.4,-51471183,-42034219.2,-112823987.1,-63272719.1,-156778121.3
147,119.63,31.9,Jiangsu,East_China,1827038.7,2167790.1,37578129.6,5968099.3,634753,1178173.1,2130491.2,-51771254.7,-39586022.8,-113481739.4,-61997264.4,-153354541.9
148,112.88,27.79,Hunan,Central_South_China,1505227.8,1785959.8,37477396.2,11302190.2,2355883,1195467.6,1755230.7,-52531206.8,-32613419.4,-115147541.8,-57770186.5,-142914812.7
149,117.61,24.54,Fujian,East_China,1254507.6,1488479.2,37439564.4,15497754,7743269.9,1210343.5,1462868.5,-53184885.1,-27181124.8,-116580393.9,-50483606.8,-130849616.7
150,115.37,37,Hebei,North_China,1994304.8,2366252.1,37313913.6,2885506.6,781306.4,1158265.3,2325538.5,-50896466.5,-43210138,-111564217.9,-62739130.6,-156845735.1
151,111.69,29.56,Hunan,Central_South_China,1588793.5,1885111,37292087.9,9709914.8,376891.4,1183683.1,1852675.8,-52013374.5,-34424018.3,-114012461.8,-60123304.3,-146560697.1
152,114.99,30.84,Hubei,Central_South_China,1621486,1923900.7,37223708.9,9091019.9,1182158,1179214.8,1890798.2,-51817028.4,-35132358.7,-113582074.6,-59469788.1,-146419175.2
153,119.03,34.44,Jiangsu,East_China,1856825.3,2203131.9,37111056.4,5007697.3,592526.7,1160141.2,2165225,-50978898,-40231400.5,-111744906.5,-61648302.7,-152858601.2
154,116.42,34.4,Anhui,East_China,1956107.2,2320930.4,37085081.5,3306187.2,799825.8,1152838,2280996.6,-50657978.1,-42382519.3,-111041455.3,-62139488.6,-155179986
155,115.16,38.47,Hebei,North_China,1926439.2,2285729.2,37043632.3,3766434.7,207251.8,1153323,2246401.1,-50679294,-41739709.3,-111088179.3,-62458968,-154877971.3
156,114.82,37.18,Hebei,North_China,1933468,2294068.9,36972491.2,3578084.6,571378.2,1150415.7,2254597.3,-50551541.3,-41892001,-110808147.5,-62053643.6,-154497185.9
157,112,27.7,Hunan,Central_South_China,1569409.3,1862111.6,36845275.9,9599453.5,2330403.7,1169523.4,1830072.2,-51391167.8,-34004026.8,-112648595,-57442345.4,-142837540
158,112,30.71,Hubei,Central_South_China,1627925.8,1931541.6,36842069,8608445,209464.5,1165636.3,1898307.6,-51220361.2,-35271889.2,-112274189.9,-59990800.1,-146483050.5
159,118.24,35.44,Shandong,East_China,1912110,2268727.6,36835982,3804921.1,1939484.9,1147085.9,2229692,-50405219.9,-41429243,-110487413.5,-60349410,-152183872.9
160,104.86,29.54,Sichuan,Southwest_China,1576971.5,1871084.1,36436025,9070884.1,207538.8,1154920.1,1838890.3,-50749471.3,-34167873.9,-111242006.8,-59085692.9,-144003038.1
161,121.14,32.09,Jiangsu,East_China,1649570.9,1957223.6,36389947.5,7800132.7,639174.3,1148645.5,1923547.7,-50473753.2,-35740868,-110637637.5,-59129395.3,-145344016.5
162,107.46,40.96,Inner_Mongolia,North_China,1943614,2306107.2,36364647.5,2811351.3,891544.2,1128796.2,2266428.4,-49601534.5,-42111831.9,-108725748.3,-61013259.5,-152726625.9
163,119.16,35.37,Shandong,East_China,1870830.9,2219749.7,36220402.7,3898761.8,1447449.3,1128518.3,2181556.8,-49589325.4,-40534858.1,-108698986.2,-59731716.7,-149855900.2
164,116.31,37.51,Shandong,East_China,1920629.6,2278836.1,36154194.7,2993209.5,398343,1123020.9,2239626.5,-49347758.5,-41613833.8,-108169475.5,-61061615.2,-152023207.5
165,116.87,28.84,Jiangxi,East_China,1510491.6,1792205.4,36112835.8,9876589.5,2965470.9,1148063.6,1761368.8,-50448183,-32727469.3,-110581587.9,-55414562.3,-138590214.6
166,118.61,34.72,Shandong,East_China,1883621.6,2234925.9,36088898.1,3554008.3,1071997.5,1123157.2,2196471.9,-49353747.2,-40811990.3,-108182602.5,-60029522,-150195259.5
167,112.11,26.89,Hunan,Central_South_China,1493635.5,1772205.6,35844790.8,9898571.9,3181670.3,1139906.5,1741713.1,-50089742.4,-32362252.6,-109795891.9,-54723398.2,-137175393.2
168,120,32.66,Jiangsu,East_China,1529687.1,1814981,35823758.3,9269349.1,204292.4,1136854.4,1783752.6,-49955627.4,-33143375.4,-109501914,-57939239.1,-141038241.9
169,113.33,34.45,Henan,Central_South_China,1749918.2,2076286.2,35709348.4,5439360,519659.9,1118695.2,2040561.8,-49157678.8,-37915070.7,-107752824,-59098994.3,-146171743.8
170,116.46,39.3,Hebei,North_China,1847390.5,2191937.5,35621551.2,3707838.9,199354.6,1109376.5,2154223.2,-48748194.5,-40026979.6,-106855241,-60023568.6,-148798742.7
171,113.8,27.71,Jiangxi,East_China,1412366.5,1675779.5,35552867.3,10984573.3,2344820.1,1135082.8,1646946.1,-49877780.1,-30601416.1,-109331274,-54578838.4,-135058034.6
172,117,36.89,Shandong,East_China,1864126.6,2211795,35448457.4,3255738.4,968183.8,1102326.3,2173738.9,-48438395.9,-40389596,-106176167.7,-59151801.3,-147979793.2
173,116.71,28.25,Jiangxi,East_China,1486954.3,1764278.3,35438078,9612943.2,3435280,1126310,1733922.2,-49492285.1,-32217492.4,-108486275.4,-53888509.4,-135598286.9
174,119.15,29.1,Zhejiang,East_China,1333805.4,1582566.4,35297301.3,12060477,3298767.1,1131338.3,1555336.8,-49713241.1,-28899250,-108970607.3,-52711015,-131323506.1
175,112.65,30.15,Hubei,Central_South_China,1740563.6,2065186.9,35272887.8,5169722.7,198432.5,1104245.2,2029653.4,-48522718,-37712385.5,-106361000.3,-58780308.2,-145015411.7
176,116.65,36.17,Shandong,East_China,1888406.9,2240603.7,35265808.5,2666916.3,1759291.4,1094459.7,2202052,-48092721.1,-40915672.3,-105418454.1,-58300915.6,-147309309
177,113.89,31.47,Hubei,Central_South_China,1638628.1,1944239.9,35225196,6843864.9,761430.5,1109179,1910787.5,-48739515.6,-35503773,-106836216.9,-57402891,-141646179.6
178,112.86,23.47,Guangdong,Central_South_China,1262049.8,1497428.1,35197202.4,13173786.2,4141991.9,1132516.8,1471663.4,-49765024.4,-27344540.2,-109084115.5,-51207476.9,-128317041.5
179,119.16,33.28,Jiangsu,East_China,1593034.1,1890142.5,35135772,7525975.6,199293.6,1109037.2,1857620.8,-48733286.2,-34515899,-106822562.3,-57511686.5,-140760871.7
180,123.35,42.74,Liaoning,Northeast_China,1963731.2,2329976.3,35120033.4,1252498.7,402877.1,1084570.6,2289886.9,-47658176.1,-42547706.3,-104465938.7,-60022364.5,-150228246.9
181,111.91,30.14,Hubei,Central_South_China,1701962.1,2019386.1,34833071,5390538.3,196154.2,1091567,1984640.6,-47965611.5,-36876016.8,-105139831.9,-57922512.6,-142764140.9
182,116.62,32.43,Anhui,East_China,1737414.5,2061450.6,34759223.9,4719693.6,195285.4,1086732,2025981.3,-47753151.2,-37644156.4,-104674122.6,-58088341.3,-143485648.9
183,121.98,41.46,Liaoning,Northeast_China,1845742,2189981.6,34748897.4,2880807.7,529951.6,1079384.7,2152300.9,-47430295.6,-39991262.3,-103966428.2,-58539362.3,-145960920.2
184,118.33,37.67,Shandong,East_China,1865660.2,2213614.6,34676518.3,2473648.3,315724.7,1075602.8,2175527.3,-47264113.8,-40422824.9,-103602160.6,-58805864.4,-146492803.1
185,104.73,31.3,Sichuan,Southwest_China,1392081.8,1651711.6,34608102,10401515.6,198353.7,1103806.5,1623292.3,-48503441,-30161911.4,-106318745.4,-55339881.9,-134005234.3
186,117.91,37.17,Shandong,East_China,1873894.3,2223384.4,34512967.3,2174425.2,730099.7,1069430.5,2185129,-46992888.6,-40601231,-103007639.5,-58238309.1,-145832428.7
187,117.05,39.29,Tianjin,North_China,1584891.1,1880480.8,34444059.5,6985835.8,195100.9,1085705.3,1848125.3,-47708035.4,-34339466.7,-104575229.5,-56551030.8,-138598532.9
188,113.12,28.33,Hunan,Central_South_China,1326756.5,1574202.8,34290971.8,11193664.2,1574727.6,1097084.5,1547117.2,-48208061.3,-28746523.9,-105671278,-53066753.4,-130021338.6
189,115.73,32.09,Henan,Central_South_China,1525331.5,1809813,34261186.6,7812169.4,194658.2,1083241.7,1778673.5,-47599782.3,-33049002.1,-104337940.3,-55872866.4,-136521650.8
190,106.44,30.47,Sichuan,Southwest_China,1480900.5,1757095.5,34246841.5,8548194.3,195084.6,1085614.4,1726863,-47704042.5,-32086327,-104566477,-55525883.2,-135316252.7
191,119.9,36.91,Shandong,East_China,1837962.3,2180751,34160350.6,2435596.4,959592.9,1059587.5,2143229.1,-46560370,-39822702.1,-102059565.8,-57282496,-143665568.1
192,115.39,27.96,Jiangxi,East_China,1452776.8,1723726.5,34154565.2,8932580.8,2672690.5,1084246.8,1694068.2,-47643946.7,-31476976.5,-104434747.9,-52720093.1,-131841016.3
193,114.9,31.99,Henan,Central_South_China,1652727.6,1960969.1,33862794.2,5271215.5,190711.5,1061279.2,1927228.8,-46634706.2,-35809264.2,-102222509.5,-56295583.6,-138739554
194,105.22,30.27,Sichuan,Southwest_China,1507498.5,1788654,33729140.3,7592026,191567.4,1066042.1,1757878.6,-46843997.7,-32662618.2,-102681273,-55048466.1,-134555082
195,115.46,28.62,Jiangxi,East_China,1470230.8,1744435.8,33710222.8,8202641.9,2122889.9,1067794.8,1714421.1,-46921013.9,-31855148.5,-102850091.3,-52817454.2,-131593616.6
196,108.18,23.01,Guangxi,Central_South_China,1235980.8,1466497,33656574.6,12104665.7,2549391.5,1081062.3,1441264.6,-47504013.8,-26779707.8,-104128017.5,-50592581,-124876302.6
197,110.82,22.45,Guangdong,Central_South_China,1150602.3,1365195,33623791,13513899.3,1752545.4,1085441.7,1341705.5,-47696452,-24929831.5,-104549838.8,-50716658.6,-123342942.1
198,114.84,30.27,Hubei,Central_South_China,1350949.7,1602908.2,33527676.6,10037506.1,741759.1,1069196.8,1575328.6,-46982619.5,-29270712.1,-102985129.6,-53079804.5,-129333136.1
199,113.93,35.71,Henan,Central_South_China,1381201.5,1638802.2,33503228.8,9502848.7,1183915.9,1066401.2,1610605,-46859776,-29926172.3,-102715858.8,-52828855.5,-129614803.8
200,111.48,29.11,Hunan,Central_South_China,1402065.2,1663557,33275510.2,8927556,842711.5,1057200.6,1634933.9,-46455484,-30378219.9,-101829657.2,-53026122.8,-129859826.7
201,110.36,21.55,Guangdong,Central_South_China,1308060.4,1552019.8,33271245.8,10510355.4,700615.3,1063120.3,1525315.8,-46715608.5,-28341439.6,-102399846,-52469113.2,-127526161.3
202,117.25,38.07,Hebei,North_China,1817893.4,2156939.1,33138074.1,1772965.3,184304.3,1025624,2119826.9,-45067945,-39387872.5,-98788194.5,-56572567.4,-141028384.9
203,117.04,31.58,Anhui,East_China,1329963.1,1578007.5,33077841.2,9951135,189589.7,1055036.2,1550856.4,-46360375.1,-28816001.2,-101621180.1,-52888751,-128065127.3
204,111.45,27.72,Hunan,Central_South_China,1449504.7,1719844.1,32971011.4,7828398.7,2162896.2,1043636.7,1690252.6,-45859459.4,-31406080,-100523181.1,-51657636.7,-128923176.1
205,115.77,29.94,Hubei,Central_South_China,1475095.2,1750207.5,32948461,7374291.5,1592500.4,1041207.4,1720093.5,-45752710.4,-31960544.9,-100289189.1,-52387332.6,-130100587.9
206,116.03,27.82,Jiangxi,East_China,1322076.2,1568649.7,32944859.1,9954009.6,3069351.8,1050958.6,1541659.6,-46181196.9,-28645118,-101228424.5,-49776859.9,-124603174.8
207,111.68,26.46,Hunan,Central_South_China,1510911.2,1792703.3,32899229.6,6721423.5,3372951.2,1037197.9,1761858.1,-45576526.2,-32736561.1,-99902996.2,-50806721.4,-129119808.7
208,121.83,39.65,Liaoning,Northeast_China,1586977.2,1882956,32834726.1,5374098.5,1215030.8,1030064.1,1850557.9,-45263051.1,-34384666.1,-99215864.1,-53441453.5,-133089170.7
209,122.23,41.04,Liaoning,Northeast_China,1343994.8,1594656.2,32819068.3,9460757.5,251290.1,1045205.4,1567218.6,-45928392.6,-29120022.3,-100674281.7,-52592090.8,-127640505.7
210,118.77,32.96,Jiangsu,East_China,1451020.8,1721643,32758823,7594941.4,186208.5,1036220.4,1692020.5,-45533572,-31438930,-99808841.3,-53367963.7,-130340465.7
211,112.19,29.65,Hubei,Central_South_China,1496542.5,1775654.7,32659451.9,6729105.4,185064.6,1029855.2,1745102.9,-45253872.9,-32425237.8,-99195745.5,-53574968.3,-131254079
212,113.08,28.82,Hunan,Central_South_China,1380572.3,1638055.6,32651144.1,8678759.6,990274.3,1037053.1,1609871.3,-45570160.5,-29912539.7,-99889042.8,-51903312.5,-127386012.7
213,116.13,32.46,Anhui,East_China,1592323.8,1889299.7,32542105.9,4997184.4,183226.5,1019626.4,1856792.5,-44804400.4,-34500509.3,-98210509.2,-54129950,-133434859.7
214,117.75,35.76,Shandong,East_China,1755316.8,2082691.7,32481359.8,2186049.8,1793397.2,1007012.2,2046857,-44250104.3,-38032041.5,-96995501.3,-53642816.8,-135924962.6
215,105.5,30.67,Sichuan,Southwest_China,1393510.3,1653406.6,32395267,8209682.9,184622.1,1027392.8,1624958.1,-45145668.5,-30192863.3,-98958563.3,-52469723.5,-127808255.3
216,118.59,37.23,Shandong,East_China,1700528.8,2017685.5,32380844.1,3012507.9,238753.2,1007081.2,1982969.3,-44253138,-36844962.1,-97002151.1,-54661781.1,-135759881.2
217,113.59,34.87,Henan,Central_South_China,1480160.4,1756217.3,32315395,6668624.5,900125.3,1019045.8,1725999.9,-44778886.2,-32070290.2,-98154582.4,-52289014.2,-129138190.6
218,120.56,31.78,Jiangsu,East_China,1464590.2,1737743.2,32158783.3,6778059.8,613806.4,1014649.1,1707843.6,-44585684.4,-31732934.6,-97731087.4,-52255611.8,-128574230.8
219,114.88,28.19,Jiangxi,East_China,1347865.9,1599249.2,32133775.7,8724086.8,2064179,1021319.6,1571732.6,-44878801.1,-29203895.7,-98373594.3,-49911385.5,-123994082.3
220,112.38,33.11,Henan,Central_South_China,1662163.6,1972165,32070404.4,3356074.1,204128.7,998850,1938232,-43891442.4,-36013712.4,-96209320.2,-54007302.4,-133912457.2
221,81.21,43.84,Xinjiang,Northwest_China,1742602,2067605.5,32054090.3,1982142.7,1611421.2,993096,2032030.4,-43638602.6,-37756551.9,-95655099.7,-53172111.6,-134567266.1
222,116.01,39.45,Hebei,North_China,1515098.3,1797671.2,32053309.6,5822066,181092.6,1007751.6,1766740.6,-44282595.5,-32827281.4,-97066721.5,-52922991.6,-130032868.5
223,113.17,30.24,Hubei,Central_South_China,1538462.3,1825392.8,32003378.4,5378724,180512.2,1004521.6,1793985.2,-44140662.9,-33333504.8,-96755607.6,-53030631.1,-130504798.8
224,118.85,35.94,Shandong,East_China,1658993.2,1968403.2,31996513.7,3337213.3,1349717.6,996506.1,1934535,-43788446.5,-35945018.7,-95983555,-52741672.9,-132475138.1
225,112.5,30.94,Hubei,Central_South_China,1500593,1780460.7,31961192,5976702.5,419533.3,1005510.5,1749826.2,-44184119.6,-32512999.3,-96850863.8,-52457045.6,-129154164.5
226,118.81,33.66,Jiangsu,East_China,1477119,1752608.7,31959238.7,6371074.3,180950,1006958.1,1722453.4,-44247728.9,-32004393.2,-96990294.5,-52519892.3,-128772014.4
227,114.48,30.88,Hubei,Central_South_China,1413195.5,1676763.1,31909820.7,7401811.7,730487,1009379.1,1647912.8,-44354112.2,-30619377.9,-97223484.9,-51434115,-126407605.1
228,121.19,31.38,Shanghai,East_China,1148585.7,1362802.4,31835566.1,11796178.2,1244071.4,1023895.2,1339354.1,-44991978.5,-24886140,-98621677.3,-48871224.2,-118749342.7
229,114.49,36.82,Hebei,North_China,1432593.4,1699778.9,31824269.1,6990531.5,914392.7,1005176.5,1670532.5,-44169441.9,-31039668.1,-96818690.6,-51281416,-126490526
230,112.47,28.05,Hunan,Central_South_China,1320997.7,1567370,31818623.7,8868945.8,1664474.2,1012183.9,1540401.9,-44477359.4,-28621749.1,-97493640.7,-49700643.5,-122799752
231,106.18,37.99,Ningxia,Northwest_China,1548107.6,1836837,31808238.1,5024732.1,251960.1,997168.6,1805232.5,-43817559.9,-33542487,-96047371,-52775095,-130135141.9
232,105.53,29.03,Sichuan,Southwest_China,1340664.3,1590704.6,31793186.9,8512017.5,181503.4,1010037.3,1563335,-44383035.3,-29047862.3,-97286883.9,-51295434.9,-124726332.5
233,116.66,35.29,Shandong,East_China,1631529.6,1935817.5,31722639.9,3532560.8,1481516.8,988832.5,1902509.9,-43451253.5,-35349971,-95244433.5,-52049026.5,-130850251
234,115.18,37.52,Hebei,North_China,1837561.4,2180275.3,31717573.1,49394.8,175272.1,975361,2142761.6,-42859290.2,-39814014.9,-93946859.7,-54868660.4,-137541965.5
235,116.19,37.99,Hebei,North_China,1740222.2,2064781.8,31615981.2,1593142.2,176524.3,978139.1,2029255.3,-42981363.5,-37704988.8,-94214442.2,-54016396.1,-134702748.4
236,115.83,37.41,Hebei,North_China,1799577,2135206.6,31582522.6,558346.2,346277.5,973154.5,2098468.3,-42762330.7,-38991015.1,-93734325.9,-54240773.2,-135994119
237,112.3,26.43,Hunan,Central_South_China,1285553.3,1525315.1,31535005,9189476.7,3261755.7,1004689.2,1499070.6,-44148029.8,-27853784.8,-96771755.6,-47470890,-119472704.6
238,115.64,33.7,Anhui,East_China,1655418.4,1964161.7,31418769.4,2831597.7,175532.5,976810.1,1930366.5,-42922968.3,-35867565,-94086440.9,-53133784.6,-131924317.9
239,111.57,30.51,Hubei,Central_South_China,1300733.8,1543326.8,31402626.4,8803522.3,198915.5,999143.7,1516772.4,-43904349.6,-28182696.8,-96237612.7,-50472571.8,-122559618.2
240,119.74,35.91,Shandong,East_China,1770219.3,2100373.6,31381419.7,856955.2,1499666.5,968113,2064234.7,-42540798.8,-38354930.4,-93248731.7,-52607749.7,-133503478.9
241,117,25.09,Fujian,East_China,1007182.6,1195026.9,31271650.6,13630910.5,5709692.1,1013571.3,1174465.3,-44538325.4,-21822390.3,-97627277.2,-42624777.9,-108985493.6
242,116.55,23.45,Guangdong,Central_South_China,1049015.1,1244661.4,31263401.8,12916618.5,6429830.9,1010587,1223245.8,-44407191.2,-22728766.1,-97339833.1,-42202472.6,-109338429.9
243,120.32,30.26,Zhejiang,East_China,1104969.3,1311051.3,31243933.8,11952935.9,2100539.8,1006304.4,1288493.4,-44219005.8,-23941113,-96927333.9,-46919106,-115079224.8
244,122.72,42.25,Liaoning,Northeast_China,1795764.7,2130683.3,31057347.1,108237.3,988839.7,955287,2094022.8,-41977198.1,-38908415.2,-92013328.3,-52883146.4,-133768759.7
245,114.91,26.84,Jiangxi,East_China,1289534.9,1530039.2,31050479.3,8647614.3,3150476.4,987720.8,1503713.5,-43402402.7,-27940052.2,-95137353.3,-46977774.9,-118320229.8
246,125.65,44.29,Jilin,Northeast_China,2096247.3,2487207.3,31011950.8,0,167898.6,934328.9,2444412.5,-41056260.3,-45418901.3,-89994647.7,-50852602.3,-137327763.9
247,110.14,22.19,Guangxi,Central_South_China,1105242,1311374.8,30998265.1,11707673.1,1099935.2,997813.6,1288811.4,-43845902.8,-23947020.8,-96109498.2,-47600383,-115393306.6
248,106.11,31.4,Sichuan,Southwest_China,1384059.8,1642193.4,30961459.7,6964653.4,175845.1,978550.1,1613937.9,-42999424.3,-29988100.4,-94254031.2,-50533331.8,-123520856.5
249,107.07,30.91,Sichuan,Southwest_China,1377843.1,1634817.3,30916856.6,7025908.9,175640.8,977412.9,1606688.7,-42949454.6,-29853405,-94144498.5,-50429330.2,-123232189.8
250,124.28,43.28,Jilin,Northeast_China,1923021.3,2281673.8,30852300.2,0,168918.1,940002.1,2242415.4,-41305547.9,-41665653.8,-90541082,-52132751.1,-135103952.8
251,109.14,34.66,Shaanxi,Northwest_China,1400530.1,1661735.6,30816210.2,6544314.5,551258.2,972477.4,1633143.9,-42732579.3,-30344960.6,-93669111.4,-50089441.5,-123166981.4
252,109.77,23.06,Guangxi,Central_South_China,1227980.6,1457004.8,30780801.4,9422585.5,1889966.8,982392,1431935.7,-43168246.3,-26606370.8,-94624086.4,-47431419.6,-117206036.7
253,115.92,28.84,Jiangxi,East_China,1247566.2,1480243.2,30704484.7,9017184.1,2094237.1,978495.8,1454774.2,-42997039.9,-27030726.5,-94248804.7,-47271819.4,-117299585.8
254,105,29.04,Sichuan,Southwest_China,1383743.2,1641817.9,30697122.4,6711049.5,174210.5,969453.4,1613568.8,-42599698.4,-29981242,-93377838.6,-50186872.9,-122767813.3
255,113.39,31.74,Hubei,Central_South_China,1334423.6,1583299.9,30652376.1,7499823.5,403090.4,971093,1556057.7,-42671747.3,-28912644.6,-93535768.6,-49535604.4,-121119996.3
256,114.07,34.79,Henan,Central_South_China,1454082.4,1725275.6,30578221.1,5407116,726013.3,960813,1695590.6,-42220020.1,-31505264.5,-92545590,-49998478,-123723762.6
257,122.43,41.64,Liaoning,Northeast_China,1823105.5,2163123.2,30576743.7,0,750019.1,936946.3,2125904.7,-41171271.2,-39500801.6,-90246749.7,-51870907.2,-132542980
258,112.97,29.68,Hunan,Central_South_China,1416673.1,1680889.3,30541198,6002386.3,172862.2,961950.3,1651968,-42269997.4,-30694726.3,-92655139.6,-50227212.4,-123191936.1
259,120.18,36.5,Shandong,East_China,1696860.2,2013332.7,30535562,1266783,1239709.1,943673.4,1978691.4,-41466875,-36765475.6,-90894708.5,-51220096.7,-129452447.3
260,112.03,29.14,Hunan,Central_South_China,1356206.5,1609145.4,30443876.7,6927839.2,549243.5,962496,1581458.5,-42293976.4,-29384609.7,-92707701.1,-49277435.3,-120956021.4
261,103.8,29.99,Sichuan,Southwest_China,1284510.8,1524078.2,30375724.7,8071433.3,173369.3,964772.4,1497854.9,-42394008,-27831196.8,-92926968.7,-49035225.1,-119260429.9
262,113.05,22.66,Guangdong,Central_South_China,1043781,1238451.1,30354424.7,12114535.8,3154101.6,979573.8,1217142.4,-43044409.9,-22615361,-94352638.9,-44250628.5,-109910399.4
263,114.41,27.97,Jiangxi,East_China,1261355.5,1496604.3,30190752.3,8281137.3,1902636,959887.1,1470853.8,-42179334.1,-27329496.1,-92456407.1,-46893180.8,-116402011
264,119.53,32.5,Jiangsu,East_China,1306263.8,1549888.2,30168320.1,7501026.7,171831.5,956215.1,1523220.9,-42017981.3,-28302513.6,-92102724.4,-48925958.1,-119246453
265,118.17,33.3,Jiangsu,East_China,1454154.1,1725360.7,30089026.7,4926685.7,190378.9,943935.8,1695674.2,-41478405.1,-31506817.9,-90919982.2,-49894766.1,-122879989.1
266,120.26,37.26,Shandong,East_China,1606266.9,1905843.2,30078902.4,2348819.9,911963.7,933769.7,1873051.4,-41031685.4,-34802610.1,-89940780,-50282162.8,-126116458.3
267,117.59,32.1,Anhui,East_China,1334015.4,1582815.6,30010579.3,6878003,170532,948983.5,1555581.7,-41700212.4,-28903801.4,-91406180.1,-48925669.6,-119529683.4
268,120.32,33.65,Jiangsu,East_China,1507724.8,1788922.6,29996259,3931435.2,168428.7,937278.9,1758142.5,-41185887.7,-32667522.9,-90278788.8,-50190597.1,-124044007.7
269,104.78,30.75,Sichuan,Southwest_China,1305079.2,1548482.7,29986853.2,7343257.5,170720.6,950032.7,1521839.6,-41746313.5,-28276847.8,-91507233,-48680967.5,-118704128.8
270,120.09,31.79,Jiangsu,East_China,1256457.9,1490793.2,29889796.3,8068999.2,558428.1,949823,1465142.7,-41737101.3,-27223379.7,-91487040,-47807599.6,-116768080.6
271,115.8,36.5,Shandong,East_China,1550158.2,1839270,29851463.7,3073237.9,1174065.3,929546.3,1807623.6,-40846102.8,-33586916.5,-89533986,-49308621,-123741640.3
272,112.64,27.34,Hunan,Central_South_China,1201956,1426126.5,29829277.2,8929806.7,2249661.2,951253.1,1401588.6,-41799941.3,-26042501.4,-91624784.3,-45635115,-113477557.7
273,116.08,38.51,Hebei,North_China,1563315.8,1854881.6,29697850.4,2700631,165934.5,923399,1822966.6,-40575976.4,-33872000.2,-88941873.2,-50212894.3,-124660870.9
274,123.7,42.38,Liaoning,Northeast_China,1562789.5,1854257.2,29510041.3,2525536.3,613682.2,916955.3,1822352.9,-40292829.9,-33860596.8,-88321220.7,-49515606,-123669032.7
275,122.72,41,Liaoning,Northeast_China,1500224.4,1780023.4,29355992.5,3430844.3,529546.7,915679.9,1749396.4,-40236785,-32505013.4,-88198371.3,-48936663.7,-121678462.1
276,116.92,32.05,Anhui,East_China,1293094.4,1534262.6,29328300.6,6900459.5,166777.9,928092.4,1507864.1,-40782214.4,-28017174.5,-89393943.5,-47735092,-116534480.9
277,117.41,36.17,Shandong,East_China,1660411,1970085.5,29292633.7,664528.6,1469586.7,903156.6,1936188.3,-39686487.9,-35975738.6,-86992129.2,-49095538.8,-124757765.3
278,118.38,24.89,Fujian,East_China,975355.1,1157263.5,29209813.1,12148419.5,6152996.8,944511.7,1137351.7,-41503711.6,-21132792.8,-90975453.6,-39249742.2,-101886246.6
279,118.37,35.93,Shandong,East_China,1579907.4,1874567.6,29077210.5,1812548.6,1282330.5,900922.1,1842313.9,-39588297,-34231486.4,-86776896.3,-48407095.7,-122226879.1
280,126.63,44.62,Jilin,Northeast_China,1966586.5,2333364.1,29035313.4,0,157151.3,874521.9,2293216.4,-38428218.7,-42609570.8,-84234023.7,-47573870.1,-128611659.6
281,117.43,37.29,Shandong,East_China,1505523.8,1786311.2,28914835.2,2909217.9,539567.5,900122.2,1755576,-39553148.6,-32619834.6,-86699851.5,-48388697.7,-120561680.9
282,107.16,30.06,Chongqing,Southwest_China,1218797.5,1446109,28868956.8,7704751.3,164792.6,917044.4,1421227.3,-40296741.4,-26407401.7,-88329794.7,-46588115.8,-113292258.9
283,109.15,22.3,Guangxi,Central_South_China,1087921.6,1290824.1,28817896.4,9864161.9,1185609.7,923729.6,1268614.3,-40590505.5,-23571743.9,-88973720.9,-44534963.3,-108697212.7
284,114.03,30.95,Hubei,Central_South_China,1314599.7,1559778.7,28757103.7,5977859.5,460508.7,907003.7,1532941.2,-39855534.8,-28483124.7,-87362677.2,-46852882,-115191541.5
285,121.16,30.87,Shanghai,East_China,1157419.7,1373283.9,28749542.3,8623943.5,1503217.5,916886.9,1349655.3,-40289820.4,-25077543.3,-88314624.1,-44640675,-110008038.7
286,112.63,22.3,Guangdong,Central_South_China,1082146.9,1283972.4,28727477.1,9873073.5,2479131.3,920983.7,1261880.5,-40469844.5,-23446625.3,-88709233.8,-43080568.4,-106997038.2
287,122.88,41.76,Liaoning,Northeast_China,1410830.5,1673957,28705604.8,4302854.3,978275.4,899017,1645155,-39504584,-30568135.8,-86593398.8,-46977704.8,-117050424.6
288,118.69,39.98,Hebei,North_China,1318563,1564481.2,28492293.5,5651540.7,987358,897614.5,1537562.8,-39442955.3,-28568996.8,-86458309.6,-46008895.9,-114020848
289,111.94,27.27,Hunan,Central_South_China,1290489.2,1531171.6,28362117.1,5997955.7,2169148.6,894936.5,1504826.3,-39325277,-27960729.4,-86200360.7,-44449715.7,-111735722.1
290,120.54,41.74,Liaoning,Northeast_China,1279688.3,1518356.2,28294024.2,6113590.8,1068905,893285,1492231.5,-39252707.2,-27726708.6,-86041289,-45381208,-112360623.8
291,105.96,30.5,Sichuan,Southwest_China,1305752.6,1549281.7,28258727.4,5638998.9,160002,890385.5,1522624.8,-39125296.5,-28291438.6,-85762006.8,-46436233.9,-113852969
292,114.37,38.43,Hebei,North_China,1385613.4,1644036.8,28231486.5,4264114.8,348640.2,884291.9,1615749.6,-38857534.4,-30021762.9,-85175076.6,-46801143.4,-115680440.7
293,106.63,31.24,Sichuan,Southwest_China,1294622.1,1536075.2,28164053,5734159.4,159544.3,887838.4,1509645.6,-39013375.3,-28050275.6,-85516677.3,-46230739.3,-113294390.2
294,117.79,32.63,Anhui,East_China,1373566.3,1629742.8,28090628.9,4329507.5,158173.7,880211.2,1601701.6,-38678218.3,-29760740.2,-84782018.7,-46718486.7,-115157445.2
295,105.8,31.02,Sichuan,Southwest_China,1292653.1,1533739,27988343.4,5595273.6,158478.1,881905.2,1507349.5,-38752657.9,-28007612.8,-84945189.1,-45987447.2,-112747717.9
296,103.75,29.52,Sichuan,Southwest_China,1188909.5,1410646.7,27971127.4,7329793.9,159574.5,888006.7,1386375.2,-39020771.2,-25759825,-85532889.1,-45198455.2,-109979051.4
297,125.17,44.19,Jilin,Northeast_China,1950543.6,2314329.3,27963858.4,0,150696.6,838602.3,2274509,-36849842,-42261975.2,-80774247.9,-45281708.7,-124393525.9
298,118.44,36.46,Shandong,East_China,1378469.4,1635560.4,27953824.2,4112718.2,792523.8,875176.3,1607419.1,-38456975.5,-29866975.2,-84297058.1,-45941366.7,-114265317.4
299,104.44,29.96,Sichuan,Southwest_China,1292202.7,1533204.6,27904188.4,5520437.7,157961.7,879031.7,1506824.3,-38626391.8,-27997854.6,-84668415.8,-45874564.7,-112498811.1
300,119.64,32.99,Jiangsu,East_China,1271625.6,1508789.8,27903121.6,5866771.8,158193.7,880322.9,1482829.6,-38683129.2,-27552016.2,-84792783.3,-45721128.3,-111956273.7
301,112,28.67,Hunan,Central_South_China,1176586.9,1396025.9,27820422.3,7390189.5,913579.7,883604.1,1372006,-38827311.5,-25492834.8,-85108828.7,-44156414.3,-108476560.6
302,116.45,31.95,Anhui,East_China,1259692.7,1494631.4,27752603.1,5920771.6,157399.2,875901.6,1468914.8,-38488847.2,-27293469.3,-84366920.4,-45437006,-111219322.5
303,113.34,27.59,Hunan,Central_South_China,1188007.2,1409576.1,27626625.7,7007548.8,1890719.3,876183,1385323,-38501211.3,-25740275.2,-84394022.3,-43010039.2,-107251525.7
304,114.28,32.18,Henan,Central_South_China,1428691,1695148.7,27545702.4,2865082.5,154156.9,857858.8,1665982,-37696012.4,-30955116.1,-82629039.4,-46416417.1,-115067545.6
305,113.81,23.02,Guangdong,Central_South_China,892583.9,1059055,27407348.7,11780040.5,3540944.5,887685.8,1040832.9,-39006668.9,-19339406.8,-85501977.1,-38893485.8,-97239561.5
306,118.3,28.55,Jiangxi,East_China,1100235.1,1305434.2,27333053.7,8201719,2655855.9,871722.1,1282972.9,-38305192.5,-23838538.4,-83964352.3,-41213359.4,-103357090.3
307,120.06,34.16,Jiangsu,East_China,1417798.6,1682224.7,27281293.5,2789949.3,152644.5,849442.2,1653280.5,-37326170.1,-30719112.4,-81818351.4,-45991718.1,-114037000.6
308,120.8,37.57,Shandong,East_China,1338301.8,1587901.4,27280820.7,4131541.3,1105631.1,854556.4,1560580,-37550898.1,-28996673.1,-82310951.3,-44451618.6,-110999189.8
309,111.69,34.6,Henan,Central_South_China,1504977.1,1785662.4,27089596.5,1130425.3,1202598.4,837204.3,1754938.4,-36788409.8,-32607988.2,-80639589.5,-45334187.1,-114730585.1
310,123.98,42.78,Liaoning,Northeast_China,1614608.9,1915741.1,27066168.9,0,261100.6,829320.9,1882779,-36441999.4,-34983356,-79880263.7,-46310544.3,-117735899.7
311,87.48,44.25,Xinjiang,Northwest_China,1424582.2,1690273.5,27034785,2433948.2,151038,840502.3,1661190.7,-36933330.2,-30866089.8,-80957252.6,-45720932.7,-113520352.7
312,113.13,33.7,Henan,Central_South_China,1376454.6,1633169.9,26977395,3190211.6,151240.4,841628.9,1605069.6,-36982835.8,-29823321.1,-81065768.2,-45290598.2,-112096755.1
313,121.3,37,Shandong,East_China,1344118.2,1594802.5,26919992.6,3679878.9,1545975.6,841735.9,1567362.4,-36987540.7,-29122695.2,-81076081.1,-43582215,-109692450.9
314,116.6,38.27,Hebei,North_China,1444593.6,1714017.2,26899168.4,1963265.6,149965.4,834533.3,1684525.9,-36671042.5,-31299673.9,-80382322.3,-45692252.9,-113662969.3
315,105.89,29.77,Chongqing,Southwest_China,1228039.5,1457074.6,26848655.5,5569621.4,152163.7,846766.9,1432004.3,-37208610.6,-26607645.4,-81560662.7,-44026336.8,-107842592.8
316,76.02,39.35,Xinjiang,Northwest_China,1474941.1,1750024.6,26730279.9,1285498.9,2717971.2,826749.7,1719913.7,-36329016.8,-31957205.2,-79632607.8,-43127228.7,-111413450.7
317,115.9,33.28,Anhui,East_China,1487090,1764439.3,26709446.5,1059994.5,148296.6,825247.1,1734080.4,-36262989.2,-32220432.1,-79487876.3,-45759281.9,-114242703.2
318,103.71,24.98,Yunnan,Southwest_China,1132126.4,1343273.3,26600694.5,6945907.9,2699659.7,844404.6,1320161,-37104805.6,-24529519.4,-81333124,-40446896.6,-102081221.6
319,105.35,29.48,Chongqing,Southwest_China,1203308,1427730.6,26596576.3,5740195.9,150888.2,839668.7,1403165.1,-36896701,-26071793.7,-80876962.1,-43515429.3,-106483924
320,113.86,33.92,Henan,Central_South_China,1283103.8,1522408.8,26552844.1,4350252.2,149691.7,833010.5,1496214.3,-36604129,-27800712,-80235649,-44048123.6,-108452964.6
321,124.82,43.74,Jilin,Northeast_China,1992805.6,2364473.2,26478695.2,0,141001.5,784650.9,2323790.2,-34479113,-43177654.3,-75577648.9,-41492232.3,-119148999.6
322,115.34,38.87,Hebei,North_China,1231203.4,1460828.7,26422680,5098918,149486.9,831870.6,1435693.7,-36554039.4,-26676198,-80125853.4,-43495172.1,-106725409.5
323,114.86,27.3,Jiangxi,East_China,1114159.4,1321955.4,26370185.8,7023415.1,2309563.6,837613.8,1299209.9,-36806404.5,-24140233.4,-80679033.6,-40402930.6,-101349568.5
324,117.58,35.35,Shandong,East_China,1427451.3,1693677.7,26358077,1722601.2,1638185.2,816977.2,1664536.4,-35899590.7,-30928255.3,-78691312.6,-43369806.6,-110197652.6
325,127.06,46.64,Heilongjiang,Northeast_China,1565492.4,1857464.1,26337044.5,0,145079.3,807342.9,1825504.7,-35476244.6,-33919159,-77763345.1,-45225417.2,-114620820.8
326,126.02,44.62,Jilin,Northeast_China,1770988.1,2101285.7,26286099.3,0,142380.3,792323.7,2065131.1,-34816269.5,-38371586.8,-76316690.5,-43158482.3,-116346338.6
327,110.29,19.79,Hainan,Central_South_China,1008803,1196949.6,26217063.9,8652028.5,150791.7,839131.9,1176354.9,-36873116,-21857500.4,-80825264.1,-41584140.6,-100314757
328,123.22,42.26,Liaoning,Northeast_China,1530260.1,1815660.9,26156109.4,0,685370.3,803376.2,1784420.7,-35301938.5,-33155790.1,-77381268.9,-44606071.3,-113063799.9
329,119.17,31.82,Jiangsu,East_China,1303698.2,1546844,26150230.8,3608177.3,515567.6,817795.1,1520229.1,-35935534.3,-28246924.5,-78770100.6,-43307558.5,-107490017.3
330,113.31,27.07,Hunan,Central_South_China,1117874.9,1326363.9,26104529.7,6700451.3,2216462.8,828211.4,1303542.5,-36393245.5,-24220735.9,-79773395.8,-40175959.3,-100789940.7
331,125.32,44.65,Jilin,Northeast_China,1945506.7,2308352.9,26084212.5,0,139105.1,774097.6,2268635.5,-34015378.6,-42152841.1,-74561150.9,-41041240.6,-117209460.3
332,112.48,37.52,Shanxi,North_China,1226134.5,1454814.4,26029331.1,4799162.2,180961.7,818631,1429782.9,-35972263.8,-26566370.7,-78850610.9,-42911793.1,-105450427.6
333,115.81,34.58,Shandong,East_China,1404112.5,1665986.1,25976855.5,1743156,442469.5,805334.9,1637321.2,-35388006.7,-30422577.9,-77569928.9,-43894693.2,-109705277.8
334,113.23,30.98,Hubei,Central_South_China,1182353.6,1402868.1,25964065.6,5474331.6,278254.1,819205.5,1378730.4,-35997506.9,-25617779.2,-78905943.4,-42406134.5,-104021420.6
335,107.64,31.04,Sichuan,Southwest_China,1122571.2,1331936,25958155.8,6477780.5,147867.6,822859.8,1309018.8,-36158086.6,-24322488.4,-79257931.4,-42087741.7,-102568316.7
336,114.79,38.74,Hebei,North_China,1271613.6,1508775.5,25882949.4,3887993.5,257075,810647.1,1482815.6,-35621437.4,-27551755.2,-78081605.2,-42979735.5,-106152928.1
337,115.95,35.83,Shandong,East_China,1344784.3,1595592.9,25810433.6,2581698,1441935.3,803423.8,1568139.2,-35304029.8,-29137127.9,-77385853,-42239845.9,-106681003.6
338,121.56,41.92,Liaoning,Northeast_China,1362463,1616568.8,25727305,2201814.2,753105.5,799415.7,1588754.2,-35127907.1,-29520169.1,-76999794.9,-42950368.5,-107598444.7
339,116.49,38.8,Hebei,North_China,1403342.5,1665072.5,25678736.1,1464113.7,142879.6,795102.3,1636423.3,-34938367.4,-30405895.1,-76584327,-43798657,-109142919.5
340,114.22,36.49,Hebei,North_China,1232931.6,1462879.2,25675739.3,4338031.5,828642.2,805996.8,1437709,-35417092.2,-26713642.9,-77633684,-41851754.4,-103982489.5
341,117.43,39.72,Tianjin,North_China,1389499.3,1648647.4,25611895.2,1632335.2,142625.9,793690.4,1620280.9,-34876322.7,-30105957,-76448326.2,-43609351.9,-108591631.6
342,119.04,32.51,Anhui,East_China,1222354.7,1450329.6,25503360.9,4347727,143891.6,800734,1425375.3,-35185834.8,-26484474,-77126771.4,-42232998.3,-103903307.1
343,122.78,45.55,Jilin,Northeast_China,1282182.6,1521315.7,25501992.3,3336379.4,143189.3,796825.7,1495140,-35014095.1,-27780751.3,-76750320.8,-42673295.8,-105468142.2
344,115.72,29.44,Jiangxi,East_China,1087766.9,1290640.6,25454494.9,6571950.1,1338062.1,807734.5,1268433.9,-35493451.1,-23568392.5,-77801061.3,-39981978.3,-99043821.9
345,104.75,30.29,Sichuan,Southwest_China,1171791.5,1390336.2,25401503.1,5101546.3,143846.7,800484.1,1366414.1,-35174853,-25388934.2,-77102699.7,-41726777.7,-102290564.9
346,110.26,25.26,Guangxi,Central_South_China,899946.8,1067791.1,25399083.2,9688422.7,3383134.1,817944.7,1049418.8,-35942107.9,-19498937.7,-78784509.7,-36478768.3,-91919813.9
347,104.98,28.55,Sichuan,Southwest_China,1113530.9,1321209.7,25390358.5,6074177.2,144453.3,803859.7,1298477,-35323183.5,-24126614.7,-77427837.5,-41281771.2,-100731569.4
348,112.26,25.57,Hunan,Central_South_China,1100754.5,1306050.4,25329296.7,6230049.4,3292447.6,802578.2,1283578.6,-35266872,-23849792,-77304403.7,-37959648.3,-97076312.3
349,118.43,31.13,Anhui,East_China,1108674.8,1315447.9,25298914.3,6066577.5,814299.9,801019.1,1292814.4,-35198364.1,-24021398.7,-77154235.6,-40456487.7,-99676250.5
350,103.83,30.94,Sichuan,Southwest_China,996918.8,1182848.8,25265267.5,7920267.7,145030.4,807071.1,1162496.8,-35464298,-21600006.5,-77737158.3,-40257257.2,-97321561.7
351,119.53,31.44,Jiangsu,East_China,1254744,1488759.7,25191628.8,3495557.7,791091.5,787891.9,1463144.2,-34621528.1,-27186247.1,-75889820.5,-41417002.7,-103224777.9
352,111.75,21.95,Guangdong,Central_South_China,970833.4,1151898.4,24992137.1,8093076,1492419.6,799334.2,1132078.9,-35124323.1,-21034820.9,-76991939,-38360161.4,-94519305.4
353,120.5,30.72,Zhejiang,East_China,1022490,1213189.3,24919243.3,7149607.5,1297707.3,793486.3,1192315.2,-34867354.3,-22154053.8,-76428667.5,-38840628.6,-95862036.7
354,107.65,30.07,Chongqing,Southwest_China,1094215.1,1298291.4,24888962,5909089.9,141569.7,787812.9,1275953.1,-34618056,-23708104.9,-75882209.7,-40486315.6,-98812476.5
355,112.21,32.27,Hubei,Central_South_China,1119412.2,1328187.9,24867542.2,5462732.8,141144.7,785448,1305335.2,-34514136.4,-24254044.6,-75654419.7,-40644616.7,-99412797.7
356,112.39,30.48,Hubei,Central_South_China,1124678.9,1334436.8,24846354.2,5353066.3,140952.3,784377.3,1311476.5,-34467088.7,-24368155.2,-75551292,-40655949.7,-99491193.6
357,123.17,41.34,Liaoning,Northeast_China,1044978.3,1239871.6,24789827.3,6643187.3,794449.3,787571.3,1218538.5,-34607440.3,-22641300.6,-75858940.3,-39340516.7,-96589257.6
358,114.3,33.13,Henan,Central_South_China,1318472.6,1564374,24787597.2,2023907,138340.7,769843.8,1537457.4,-33828459.8,-28567039.1,-74151427.8,-42011435.1,-104406934
359,114.67,25.68,Jiangxi,East_China,985325.3,1169093.1,24780359.3,7640965.8,3329410.7,791094.6,1148977.8,-34762260.1,-21348813.7,-76198302.8,-36353076.2,-92464150
360,102.76,37.84,Gansu,Northwest_China,1183526.9,1404260.2,24750994,4266186.1,1215670.1,777290.4,1380098.6,-34155676.4,-25643201.4,-74868681.3,-39890655,-99689532.8
361,126.92,44.99,Jilin,Northeast_China,1612965.3,1913791,24749841.6,0,134691.4,749535.9,1880862.4,-32936088.6,-34947744.5,-72195364.9,-41153677.3,-109037510.4
362,114.49,23.34,Guangdong,Central_South_China,911416.1,1081399.5,24647405.2,8758448.6,3703371.2,791278.9,1062792.9,-34770356.7,-19747439.5,-76216050.4,-35259938,-89777734.2
363,80.32,41.09,Xinjiang,Northwest_China,1397376.5,1657993.8,24601027.6,509096.8,594303.4,758316.7,1629466.4,-33321936.4,-30276630.8,-73041136.9,-41893555.7,-105492122.9
364,111.05,27.31,Hunan,Central_South_China,1089363.8,1292535.3,24586565.8,5694759.3,2006384,777696.2,1270296,-34173509.3,-23602991.8,-74907770.6,-38190170.2,-95966671.3
365,122.3,39.63,Liaoning,Northeast_China,1402033,1663518.7,24556090.1,386465.5,920000,756466.3,1634896.3,-33240624.9,-30377521.6,-72862903.4,-41543433.5,-105161580
366,112.67,23.02,Guangdong,Central_South_China,863945.5,1025075.4,24537850.7,9452519.4,2552925.9,790563.9,1007438,-34738939.8,-18718906.2,-76147185,-35916866.2,-89374712.2
367,126.45,44.05,Jilin,Northeast_China,1606937.8,1906639.3,24466588.4,0,133005.7,740155.4,1873833.7,-32523890.1,-34817146.9,-71291832.5,-40564672.2,-107905709.2
368,104.39,29.44,Sichuan,Southwest_China,1213205.9,1439474.5,24409949.5,3431058.4,137220.9,763612.2,1414707,-33554630.9,-26286249.4,-73551199.4,-40741971,-100582851.3
369,116.49,39.95,Beijing,North_China,810095.1,961181.6,24381315.2,10208271.7,357068,788640.3,944643.6,-34654412.2,-17552141.2,-75961902,-37510686.5,-89717239.9
370,109.66,21.97,Guangxi,Central_South_China,874700,1037835.6,24367584.3,9104169.2,659333.2,783997.3,1019978.7,-34450389.5,-18951920.6,-75514687.5,-37667089.2,-91069399.3
371,117.43,34.32,Jiangsu,East_China,1079485.5,1280814.7,24342181.7,5622121.5,1032877.8,769904.8,1258777.1,-33831140,-23388962,-74157302.8,-38771139.7,-95991241.7
372,113.61,32.82,Henan,Central_South_China,1265047.6,1500985,24315923.7,2463764.5,171417.5,757023.5,1475159.1,-33265110,-27409492,-72916574.2,-40967253.3,-101641855.3
373,80.59,44.38,Xinjiang,Northwest_China,1269004.1,1505679.4,24244919.5,2327415,1574419.7,754319.2,1479772.7,-33146277.4,-27495216.5,-72656095.3,-39500565.7,-100142059.6
374,108.04,41.01,Inner_Mongolia,North_China,1412749.7,1676234.2,24199734.7,0,721868,743483.8,1647393,-32670149.4,-30609718.5,-71612430.5,-41210967.1,-104490835
375,116.64,30.32,Anhui,East_China,1102850.6,1308537.4,24189170.2,5077784.1,868996.6,763119.5,1286022.8,-33532978.6,-23895207.1,-73503737.9,-38907256.7,-96335442.4
376,127.51,46.85,Heilongjiang,Northeast_China,1435665,1703423.3,24163703.8,0,133114.7,740762.2,1674114.3,-32550556.5,-31106219.7,-71350284.7,-41499501.4,-105156277.6
377,124.31,43.9,Jilin,Northeast_China,1821599.9,2161336.9,24161462.8,0,128625,715777.8,2124149,-31452690.2,-39468181.2,-68943779.9,-37830828.5,-108751699.9
378,114.34,37.95,Hebei,North_China,1078844.4,1280054,24153596.6,5448204.7,234427.8,763441.8,1258029.5,-33547142.9,-23375071.1,-73534785.9,-39318187.1,-96240401.1
379,118.15,31.89,Anhui,East_China,1080833.1,1282413.6,24144308.9,5405533.7,281079.6,762993.2,1260348.5,-33527427.1,-23418159.5,-73491569,-39274058.4,-96219645
380,115.74,28.24,Jiangxi,East_China,1087241.5,1290017.1,24079783.7,5234139.2,1851465.4,760354.1,1267821.2,-33411460.7,-23557007.7,-73237372.7,-37666550.5,-94635018.9
381,118.54,32.36,Anhui,East_China,1126799.1,1336952.4,24044822.8,4532084.5,135959.9,756595.3,1313948.9,-33246293.6,-24414093.6,-72875329.2,-39628166.3,-97288553.5
382,118.74,37.78,Shandong,East_China,1372964.3,1629028.6,23972706.6,305710.3,172427,738221.2,1600999.6,-32438898,-29747697.6,-71105531.3,-41313473.7,-103500069.3
383,115.7,37.76,Hebei,North_China,1333016.7,1581630.7,23955831.1,963568.2,133016.8,740217.3,1554417.2,-32526608.9,-28882163.3,-71297792.1,-41036094.1,-102444866.3
384,114.62,34.26,Henan,Central_South_China,1278388.9,1516814.5,23935145.4,1865523.8,175456,743029.3,1490716.3,-32650176.7,-27698555.3,-71568650.7,-40563576.5,-100912308.5
385,110.54,22.85,Guangxi,Central_South_China,855427.7,1014969,23912456.6,8983673.3,1418642.5,769543.5,997505.5,-33815262.6,-18534352.8,-74122499.7,-36170281.6,-88519897
386,122.25,37.13,Shandong,East_China,1344149.3,1594839.4,23886515.9,707728.6,1852186.1,737108.1,1567398.7,-32389985.7,-29123369,-70998316.2,-39308390.1,-100821744.8
387,113.91,36.12,Henan,Central_South_China,1083579.4,1285672.1,23777984.7,5000315.8,678474.6,750181.2,1263550.9,-32964446.3,-23477663.2,-72257524.5,-38417765.8,-94859875.3
388,105.17,31.66,Sichuan,Southwest_China,1068656.9,1267966.4,23697481.3,5173374.5,134481.4,748367.7,1246149.9,-32884756,-23154339.7,-72082844.7,-38746366.6,-94785462.3
389,114.44,29.96,Hubei,Central_South_China,1061212.4,1259133.6,23625096.1,5228141,324969.1,746351.6,1237469,-32796162.3,-22993043,-71888648.6,-38406275.8,-94195481.1
390,117.03,38.53,Hebei,North_China,1332185,1580643.8,23623730.6,652279.8,130968.1,728816.6,1553447.4,-32025643.7,-28864143,-70199684.6,-40597613.3,-101487400
391,106.56,31.73,Sichuan,Southwest_China,1153247.9,1368334,23599351.3,3649191.2,132892.2,739523.9,1344790.6,-32496141.5,-24987153.1,-71231008,-39243676.9,-96726971.5
392,118.21,39.47,Hebei,North_China,1117018.6,1325347.9,23591889.4,4253499.1,434099.3,741604.7,1302544,-32587574.8,-24202182.1,-71431428.3,-38665425.3,-95455182.2
393,113.2,26.59,Hunan,Central_South_China,1032860.7,1225494.1,23565581.7,5648469.9,2356348.3,746128.6,1204408.4,-32786366,-22378753.2,-71867175.4,-36087883.7,-91253002.9
394,126.89,47.33,Heilongjiang,Northeast_China,1510518.3,1792237.1,23459573,0,127882.5,711645.7,1761400,-31271116.3,-32728048.7,-68545772.9,-39182516.3,-103181681.3
395,126.35,45.01,Jilin,Northeast_China,1881044.9,2231868.7,23433245,0,123422.2,686824.8,2193467.3,-30180440.6,-40756162.9,-66155029.7,-35605156.8,-106541760.3
396,112.51,31.42,Hubei,Central_South_China,1143312.2,1356545.3,23432968.2,3653934,366327.7,734426.5,1333204.6,-32272151.8,-24771878.4,-70740026.3,-38719307.8,-95763338
397,114.16,22.52,Hong_Kong_SAR,Central_South_China,723076.3,857933.5,23430313.5,10745699,3032442.7,761455.8,843171.9,-33459871.9,-15666726.9,-73343489.2,-32949396.5,-82075995.3
398,105.25,31.09,Sichuan,Southwest_China,1085235.6,1287637.1,23401912.4,4603952.7,132457.3,737103.5,1265482.1,-32389783.3,-23513546.5,-70997872.6,-38484091.9,-94387421.7
399,122.07,42.29,Liaoning,Northeast_China,1431831.5,1698874.8,23380242.3,0,938185.6,713987.7,1669644.1,-31374031.8,-31023160,-68771361.9,-38938595.9,-101335787.7
400,114.88,31.28,Hubei,Central_South_China,1082412.4,1284287.4,23293953.6,4545856.2,417670.5,733562.1,1262190,-32234169.7,-23452376.6,-70656770.1,-38036837.9,-93723384.2
401,107.07,40.83,Inner_Mongolia,North_China,1318908.4,1564891.1,23267477.8,527425.1,463191.9,717386.2,1537965.6,-31523366.3,-28576481.5,-69098700.9,-39701454.8,-99801302.6
402,126.1,45.94,Heilongjiang,Northeast_China,1404810.1,1666813.8,23212734.8,0,127578.5,709954.2,1638134.7,-31196791.2,-30437693,-68382853.5,-39622827.4,-101257311.6
403,107.4,30.57,Sichuan,Southwest_China,1051878.8,1248059.2,23192585.6,4962018.2,131546.7,732036.5,1226585.2,-32167128.6,-22790813.6,-70509817.2,-37965107,-92923049.2
404,124.56,44.34,Jilin,Northeast_China,1816531.9,2155323.7,23179968.3,0,122600.6,682252.7,2118239.3,-29979532.1,-39358374.8,-65714641.6,-35639725.1,-104977632
405,116.19,29.65,Jiangxi,East_China,1065884.3,1264676.7,23056766.9,4592530.4,1353759.3,726448.1,1242916.8,-31921566.9,-23094266.7,-69971550,-36668567.5,-91684401.1
406,116.9,32.82,Anhui,East_China,1205741.9,1430618.5,23036484,2211602.8,183004.4,716722.6,1406003.3,-31494205.4,-26124529.6,-69034780.5,-38844603,-96463338
407,108.66,22.33,Guangxi,Central_South_China,903226.7,1071682.7,22999751.7,7282642.3,1141388,734979.1,1053243.4,-32296435.6,-19570001.8,-70793255.9,-35606342,-87472779.4
408,77.23,38.31,Xinjiang,Northwest_China,1325968,1573267.3,22946896.7,94202,1795587.2,705873.6,1546197.7,-31017480.9,-28729439.2,-67989808.2,-38001815.7,-97748735.8
409,125.61,45.05,Jilin,Northeast_China,1848701.6,2193493.2,22907088.2,0,120536.2,670764.8,2155752,-29474731.8,-40055387.2,-64608127.6,-34711791.6,-104241910.6
410,105.07,29.88,Sichuan,Southwest_China,1099746.3,1304854.2,22872970.3,3840827.3,129010.6,717923.6,1282402.9,-31546980,-23827947,-69150461.6,-37902726.4,-93277653.4
411,102.17,27.9,Sichuan,Southwest_China,994303.6,1179745.9,22838102.7,5586740.5,942263,723525.9,1159447.3,-31793159.6,-21543344.5,-69690083.3,-36265954.4,-89602458.5
412,118.94,25.31,Fujian,East_China,796013.6,944473.9,22833766.8,8929997.9,4638561.7,736173.5,928223.4,-32348917.2,-17247042.2,-70908294.8,-31101084,-80697043.4
413,119.32,35.69,Shandong,East_China,1217599.9,1444688,22773384.6,1753683.7,1112677.6,706882.9,1419830.8,-31061830.2,-26381452.8,-68087021.3,-37658273.8,-95101556.8
414,117.19,31.07,Anhui,East_China,996020.2,1181782.7,22754173.2,5475542.3,260967.3,720520.4,1161449,-31661089.9,-21580538.4,-69400588.6,-36850133.5,-90091761.8
415,123.7,43.6,Jilin,Northeast_China,1566568.3,1858740.7,22750745.5,0,122839.2,683580.6,1826759.3,-30037882.1,-33942470.2,-65842543.9,-37033310.3,-101013662.6
416,104.56,28.82,Sichuan,Southwest_China,1013121.5,1202073.4,22743149.9,5176042.5,129210.6,719036.5,1181390.6,-31595886,-21951067.5,-69257662.6,-37093637.6,-90640591.1
417,112.02,37.21,Shanxi,North_China,1098686,1303596.2,22736826.5,3725358.6,189983.9,713296.3,1281166.6,-31343650.5,-23804974.6,-68704766.6,-37655852.5,-92804477.6
418,116.43,33.62,Anhui,East_China,1325431.7,1572631,22723073.9,0,261718.1,698188.5,1545572.4,-30679781,-28717820.1,-67249575.6,-39122960,-98520561.1
419,103.2,30.02,Sichuan,Southwest_China,1039391.5,1233242.9,22661570.4,4652639.8,128400.3,714527.4,1212023.8,-31397747,-22520253.3,-68823345.3,-37181549.2,-91099549.5
420,117.15,34.67,Shandong,East_China,1078895.3,1280114.4,22619695,3944719.4,951581.9,710533.7,1258088.8,-31222253,-23376174.1,-68438665.5,-36595037,-91193464.1
421,113.88,29.69,Hubei,Central_South_China,1060942.5,1258813.2,22606920.6,4235283.6,223601.9,711251.7,1237154.2,-31253804.9,-22987193.3,-68507826.5,-37173858.8,-91414857
422,121.33,41.19,Liaoning,Northeast_China,1234219.5,1464407.2,22595325.1,1298684.8,276712.2,699668.9,1439210.7,-30744836,-26741545.9,-67392175,-38383946.6,-95870328.5
423,111.54,25.41,Hunan,Central_South_China,1073872.1,1274154.3,22562412.4,3973407,3051450.7,708882.1,1252231.2,-31149682.2,-23267336,-68279591.4,-34383181.6,-88800199.8
424,108.07,34.36,Shaanxi,Northwest_China,1103390.6,1309178.2,22547648.9,3460615.8,550694.8,706467.9,1286652.5,-31043595.5,-23906908.1,-68047051,-37082402.3,-92032905.9
425,113.38,23.55,Guangdong,Central_South_China,867711.2,1029543.5,22492027.1,7384837.1,2919583.9,719759.6,1011829.2,-31627657.9,-18800497,-69327306.3,-32902014.7,-83330169.6
426,111.87,32.61,Henan,Central_South_China,1227326.7,1456228.9,22474103.4,1296297.4,125058.9,695932.8,1431173.1,-30580662.4,-26592202.3,-67032309.3,-38326188.1,-95499052.8
427,105.64,30.17,Chongqing,Southwest_China,1053599.6,1250100.9,22425938.9,4181953.5,126775.1,705483.4,1228591.7,-31000336.8,-22828096.9,-67952228.6,-36979785.5,-90808219.2
428,106.9,30.47,Sichuan,Southwest_China,990401.8,1175116.4,22354046.7,5178424.6,127062.5,707082.5,1154897.4,-31070600.8,-21458804.2,-68106246.3,-36419214.4,-88948619.4
429,113.13,26.08,Hunan,Central_South_China,973986.3,1155639.4,22324135.5,5426246.6,2594197.3,707110.2,1135755.5,-31071820.6,-21103134.7,-68108920,-33791849.2,-85966804.5
430,126.57,46.62,Heilongjiang,Northeast_China,1440027.7,1708599.7,22305886.8,0,121549.5,676403.8,1679201.6,-29722520,-31200745.4,-65151275.2,-37219606.1,-98142871.5
431,125.39,43.7,Jilin,Northeast_China,1422874.2,1688247,22303459.1,0,121733.4,677427.1,1659199.1,-29767486.1,-30829084.8,-65249840.2,-37376900.3,-97973471.2
432,124.99,43,Jilin,Northeast_China,1473723.5,1748579.9,22262949.3,0,260529.2,672748.2,1718494,-29561887.2,-31930824.7,-64799170.8,-36662146.7,-98154858.6
433,116.82,29.3,Jiangxi,East_China,1009094.5,1197295.4,22261296.1,4771996.1,1497436.4,702677.1,1176694.8,-30877019.5,-21863816.4,-67681919.2,-35065428.8,-87806264.7
434,117.85,40.06,Hebei,North_China,1092370.8,1296103.1,22252885.6,3357898.1,439894.7,697012.6,1273802.4,-30628110.2,-23668143.8,-67136314,-36726346.7,-91022600.7
435,120.11,32.99,Jiangsu,East_China,901215.2,1069296.1,22244863.9,6577102.8,127420.1,709072.6,1050897.9,-31158049.2,-19526420.9,-68297931.7,-35618063.1,-86302533.2
436,107.06,31.75,Sichuan,Southwest_China,1041641.8,1235912.9,22191321.4,4153989.7,125459.7,698163.1,1214647.8,-30678667,-22569010.1,-67247133.8,-36585997.4,-89833674.5
437,104.33,30.67,Sichuan,Southwest_China,856718.7,1016500.8,22157239.2,7242448.8,127393.1,708922,999011,-31151434.6,-18562325.7,-68283432.7,-35175199.1,-84888959.4
438,112.33,34.9,Henan,Central_South_China,1146573.9,1360415.4,22099682.8,2292769.2,768916.3,688230.4,1337008.1,-30242205.4,-24842550.1,-66290417.2,-36596821.1,-91681576.6
439,114.78,35,Henan,Central_South_China,1177678.7,1397321.3,22096975.2,1765010.5,664826.1,686129.6,1373279.1,-30149892.1,-25516489.5,-66088068,-36926847.5,-92593229.1
440,130.49,46.97,Heilongjiang,Northeast_China,1154127,1369377.2,22095790.2,2161445.4,178376,687608.7,1345815.7,-30214886,-25006201.4,-66230533.5,-37237993.3,-92459080.7
441,117.75,31.22,Anhui,East_China,1028931.2,1220831.8,22073644.1,4253289.8,372021.7,694924.7,1199826.2,-30536363.8,-22293613.3,-66935207.5,-36091738,-88921715.1
442,116.25,36.59,Shandong,East_China,1200135.7,1423966.7,22047253.9,1337186.3,826930,682965.4,1399466,-30010850,-26003060.8,-65783289.8,-36865385.8,-92879296.6
443,124.82,44.76,Jilin,Northeast_China,1705427.1,2023497.3,22007352.2,0,116621.3,648979.1,1988681.1,-28517423.7,-36951092,-62509724.1,-34019166,-99487681.7
444,115.65,38.61,Hebei,North_China,1144680.3,1358168.6,21919954.6,2148673.1,122582.8,682153.7,1334800,-29975183.5,-24801521.9,-65705109.6,-36994096.5,-91770801.9
445,119.05,34.89,Jiangsu,East_China,937827.9,1112737.2,21865003.1,5586897.6,599513.5,693608.1,1093591.5,-30478511.7,-20319698.4,-66808396.5,-34919217.6,-85717427.7
446,125.52,45.91,Heilongjiang,Northeast_China,1435558.2,1703296.6,21863238,0,118857.9,661425.1,1673989.8,-29064326.7,-31103906.3,-63708526.4,-36252160.8,-96420393.8
447,113,36.03,Shanxi,North_China,1102188,1307751.3,21807238.3,2755604.7,205289,681008.4,1285250.2,-29924857.1,-23880850.9,-65594794.8,-36450464.9,-90256172.9
448,103.76,25.47,Yunnan,Southwest_China,936525.1,1111191.4,21806047.1,5551137.5,1872806.5,691658.8,1092072.3,-30392853.8,-20291470.7,-66620636,-33559197.3,-84243521.8
449,125.84,46.87,Heilongjiang,Northeast_China,1488956.5,1766653.9,21801198,0,117854.1,655839.2,1736256.9,-28818868.6,-32260873.6,-63170486.2,-35603727.6,-96683469.8
450,123.37,39.98,Liaoning,Northeast_China,1112395.3,1319862.3,21768518.5,2545355.5,915505,679014.2,1297152.8,-29837227.3,-24102010.8,-65402711.8,-35764908.2,-89704146.3
451,113.82,32.4,Henan,Central_South_China,1151496.2,1366255.7,21707752.2,1825731.9,121188.5,674394.9,1342748,-29634245.3,-24949200.9,-64957778.7,-36768211.3,-91351657.5
452,113.05,39.6,Shanxi,North_China,1246723.9,1479243.8,21706623.1,217004.4,1083304.4,668210.2,1453792,-29362478.6,-27012477.2,-64362070.5,-36507168.7,-92882124.5
453,117.84,36.7,Shandong,East_China,1019480.5,1209618.4,21629564.5,3977811.2,694014.9,680218.1,1188805.8,-29890128.4,-22088846,-65518670.1,-35119156.7,-87098131.1
454,116.16,30.25,Anhui,East_China,944754.5,1120955.7,21568305.2,5179315.2,889498.5,682927.9,1101668.5,-30009200.1,-20469775.5,-65779673.2,-34292247.7,-84771223.3
455,110.8,34.53,Henan,Central_South_China,1251722.7,1485174.9,21544156.1,0,679114,662284.1,1459621.1,-29102071.3,-27120784.6,-63791261.9,-36709189,-92932044.9
456,111.45,30.03,Hubei,Central_South_China,970302,1151267.9,21515672.6,4696466.2,122099.4,679463.8,1131459.2,-29856981.3,-21023307.2,-65446012.2,-35179281.1,-86059569.6
457,113,32.02,Hubei,Central_South_China,1012316.1,1201117.9,21493151.7,3965127,121472.6,675975.6,1180451.5,-29703701.6,-21933618.3,-65110025.6,-35460413.2,-87097733.1
458,122.46,40.59,Liaoning,Northeast_China,968022.2,1148563,21467287.2,4687553.8,289224.7,677942.1,1128800.8,-29790114.7,-20973912.4,-65299441.6,-34932047.8,-85696074.9
459,122.05,45.96,Inner_Mongolia,North_China,1381069.4,1638645.4,21448792.7,0,414287.9,650647.3,1610450.9,-28590727.6,-29923309.1,-62670405,-35526511.4,-94040548.1
460,120.76,37.07,Shandong,East_China,1117606.7,1326045.6,21420488.1,2116443.9,945173.3,666674.2,1303229.7,-29294981.6,-24214924,-64214118.2,-35318456.7,-88828362.3
461,125.68,42.59,Jilin,Northeast_China,1390479.4,1649810.4,21332883.7,0,655391.7,646042.2,1621423.8,-28388372.7,-30127193.9,-62226846.4,-34930815.2,-93446381.8
462,116.38,28.1,Jiangxi,East_China,942345.4,1118097.2,21327706.4,4984292.4,1974795.2,674785,1098859.3,-29651386.1,-20417577.9,-64995350.9,-32874470,-82943434
463,115.44,30.89,Hubei,Central_South_China,1031444.9,1223814.2,21276412.8,3429878.9,609204,667265.6,1202757.3,-29320970.2,-22348075.7,-64271084.7,-34830307,-86499352.9
464,111.07,21.94,Guangdong,Central_South_China,799884.3,949066.5,21265431.6,7328296,968042.5,681831.1,932736.9,-29961008,-17330907.5,-65674037,-32748748.1,-80040663.6
465,116.45,28.65,Jiangxi,East_China,958740.1,1137549.6,21226190.7,4608073.7,1757172.1,670225.6,1117977,-29451037.7,-20772797.7,-64556190.6,-33080261.8,-83304097.2
466,119.32,41.7,Liaoning,Northeast_China,1292224.5,1533230.5,21175029.3,0,1282641.2,646938.9,1506849.8,-28427772.8,-27998327.1,-62313210.6,-34876296.4,-91302396.3
467,115.42,26.07,Jiangxi,East_China,858564.1,1018690.3,21148975.1,6223590.1,2748092.1,674027.5,1001162.8,-29618099.7,-18602308.1,-64922387.8,-31249285.8,-79469693.6
468,117.03,36.17,Shandong,East_China,1130094.1,1340862,21141623.6,1632455,1047536,656250.1,1317791.1,-28836928.3,-24485485.1,-63210072.8,-34943460.9,-88265874.3
469,106.01,28.97,Chongqing,Southwest_China,988470.2,1172824.6,21116320.5,3998542.8,119413.6,664517.4,1152645,-29200209.4,-21416954.5,-64006379.1,-34793645,-85410808.9
470,110.59,40.42,Inner_Mongolia,North_China,1184345.9,1405232,21115277,690773.7,405129.6,651840.2,1381053.6,-28643145.6,-25660946.5,-62785304.4,-35951652.4,-90255744.5
471,110.3,23.47,Guangxi,Central_South_China,873658.4,1036599.9,21083275.6,5904409.3,1594369.5,670787.3,1018764.2,-29475721.3,-18929354,-64610296.5,-32428432.3,-80833507.6
472,106.06,31.87,Sichuan,Southwest_China,991798.1,1176773.2,20925314,3755249.8,118191.1,657714.8,1156525.7,-28901286.8,-21489059,-63351145.6,-34569578.9,-84959924.7
473,122.87,42.64,Liaoning,Northeast_China,1249472.9,1482505.5,20922772.8,0,432078.3,640997.5,1456997.5,-28166697.6,-27072037.6,-61740938.2,-35556113.7,-90794848.9
474,112.98,34.49,Henan,Central_South_China,1036685.4,1230032.2,20898158.6,2970866.6,388311.4,653881.3,1208868.3,-28732835.2,-22461621.8,-62981902.5,-34595098.7,-85789555.7
475,103.77,24.51,Yunnan,Southwest_China,942251.6,1117986,20873278.5,4540713,2409558.6,659117.6,1098750,-28962931.7,-20415546.4,-63486270.1,-31844614.8,-81223092.9
476,117.14,28.4,Jiangxi,East_China,896064.1,1063184.3,20864088.9,5311442.8,1994333,661781.5,1044891.2,-29079986.9,-19414811.6,-63742853.3,-31907067.5,-80401866
477,113.62,28.17,Hunan,Central_South_China,858212.6,1018273.3,20854998.7,5941541.7,1055587.3,663910.8,1000752.9,-29173552.8,-18594692.4,-63947948.3,-32554671,-80322916.2
478,115.33,31.85,Henan,Central_South_China,1009963.8,1198326.8,20851899.2,3376661.3,117525.4,654010.3,1177708.5,-28738505.2,-21882650.7,-62994330.9,-34608235.6,-85229391.5
479,111.09,35.52,Shanxi,North_China,1039904.5,1233851.6,20840424.9,2859965.6,363198.9,651682.3,1212622,-28636206.4,-22531369.3,-62770093.6,-34568443.8,-85736019.5
480,111.29,26.73,Hunan,Central_South_China,970362.4,1151339.6,20763602.7,3958710.6,1998389.3,653520.7,1131529.7,-28716990.4,-21024616.5,-62947170.8,-32319715.8,-82061322.7
481,106.77,29.13,Chongqing,Southwest_China,982421.6,1165647.9,20761604.3,3753171.5,117285.2,652673.5,1145591.8,-28679763.1,-21285899.8,-62865569.2,-34287173.4,-84252836.3
482,115.71,30.46,Hubei,Central_South_China,882649.8,1047268.2,20756192.2,5432203.6,856837.5,658925.8,1029248.9,-28954502.6,-19124168.2,-63467793.7,-32804467.7,-80883138.5
483,120.74,32.83,Jiangsu,East_China,1071524.5,1271368.9,20738155,2225976.1,116106.5,646114.3,1249493.8,-28391537.5,-23216472.7,-62233783.4,-34915044.3,-86523054.5
484,108.94,23.21,Guangxi,Central_South_China,875038.9,1038237.8,20636000.1,5442948.6,1439216.3,655271.5,1020373.9,-28793926,-18959264.4,-63115812.5,-32008725.4,-79761915.8
485,121.28,30.09,Zhejiang,East_China,760181.5,901959,20584160.6,7331173.1,1584924,660896.1,886439.9,-29041082.4,-16470676.6,-63657575.3,-30947841.1,-76459600.1
486,118.37,35.03,Shandong,East_China,971093,1152206.5,20573781.2,3760425.1,847948.7,646926.5,1132381.7,-28427229.3,-21040447,-62312019.4,-33227256.7,-82694933
487,114.42,37.45,Hebei,North_China,1076514.9,1277290,20571725.3,1978693.2,222523.5,640052,1255313,-28125148.3,-23324597.7,-61649862.8,-34627750.9,-86077496.9
488,112.76,33.43,Henan,Central_South_China,1169419.2,1387521.5,20537563.7,376829.2,266201.2,632877.9,1363647.8,-27809907.2,-25337534.6,-60958859.4,-35224798.9,-88372240.7
489,105.64,31.47,Sichuan,Southwest_China,1022696.4,1213434.1,20527109.7,2843544,115364.8,641986.5,1192555.8,-28210153.4,-22158524.9,-61836192.6,-34279501.3,-84648179.6
490,106.27,38.53,Ningxia,Northwest_China,924906.3,1097405.6,20523391.2,4490781.7,222028.3,648169.3,1078523.7,-28481840.1,-20039728.6,-62431725.3,-33446519.2,-81968087.9
491,109.22,21.66,Guangxi,Central_South_China,818618.9,971295.1,20460935.9,6223929.8,462646.6,652874.7,954583.1,-28688604,-17736824.2,-62884948.3,-32340064.2,-78765492.4
492,82.21,43.42,Xinjiang,Northwest_China,1149498.2,1363885,20381860.2,560605.7,793359.4,628793.3,1340418,-27630420.6,-24905908.9,-60565427.8,-34347008,-86883337.5
493,116.11,38.98,Hebei,North_China,1109882.7,1316881.1,20372715.6,1220429.8,113396.7,631034.6,1294222.9,-27728906.4,-24047571,-60781306.9,-34722743.5,-86499220.9
494,120.6,27.92,Zhejiang,East_China,737404.9,874934.4,20363079.6,7499111.8,2896427.5,654740.9,859880.3,-28770609.2,-15977180.6,-63064702.5,-29179123.1,-73926912.9
495,111.57,33.22,Henan,Central_South_China,1124871.7,1334665.6,20349253.9,944404.7,359324.7,629258,1311701.4,-27650841.2,-24372333.4,-60610189.4,-34556709.4,-86579884
496,112.77,25.26,Hunan,Central_South_China,893460.3,1060094.9,20346918,4848772.6,2856450.2,644112.1,1041855,-28303558.7,-19358397.2,-62040935.3,-30349272.2,-78011228.1
497,117.59,39.26,Tianjin,North_China,1011211.9,1199807.7,20312767.4,2827451.8,124760,635334.9,1179163.9,-27917870,-21909693,-61195512.1,-33905014.5,-83732577.5
498,118.16,32.89,Anhui,East_China,1081202.9,1282852.4,20297322.7,1630743.3,113262,630285.2,1260779.7,-27695975.4,-23426171.6,-60709122.9,-34412674.7,-85534821.7
499,117.1,35.44,Shandong,East_China,1046896.4,1242147.5,20293593.3,2206247.5,1162206.8,632370.6,1220775.2,-27787612.8,-22682861,-60909990.4,-33105753.1,-83576226.9
500,122.88,39.85,Liaoning,Northeast_China,1055544.4,1252408.4,20280018,2046955.5,749192.5,631344.2,1230859.5,-27742513.7,-22870233.9,-60811134,-33564811.5,-84177559.1
