plant_id,lon,lat,province,region,cost_operational_and_maintenance_$,cost_investment_$,cost_biomass_procurement_$,cost_transport_biomass_$,cost_transport_digestate_$,cost_biogas_upgrading_$,cost_transport_co2_$,cost_storage_co2_$,revenue_biomethane_$,revenue_digestate_$
1,114.03,33.55,Henan,Central_South_China,11210614.7,22862891,33912203.6,2494005.5,2959149.3,30032541.6,173203.3,1689810.5,102412759.1,7087782.7
2,116.34,34.03,Henan,Central_South_China,10402360.7,21214540.5,38421098.9,2508338.9,2976156,27649967.9,413831.9,1555752.7,94288040.5,7128517.2
3,114.75,33.83,Henan,Central_South_China,10376768.7,21162348.3,33726771.4,2393612.1,2840032.1,27703452.9,159771,1558762.1,94470427.5,6802472.1
4,115.03,33.29,Henan,Central_South_China,10331766.2,21070570.2,33380936.8,2476979.6,2938948,27478371.8,158472.9,1546097.6,93702887.6,7039396.4
5,120.49,32.68,Jiangsu,East_China,9742549.5,19868923.6,31218183.4,2055284.2,2438604.4,26225189.1,151245.6,1475586.1,89429459.7,5840968.7
6,115.67,36.05,Shandong,East_China,9730549.6,19844451.1,33159328.5,2114693.6,2509093.9,26123555.3,1384183.4,1469867.6,89082882.6,6009805.8
7,115.42,36.52,Shandong,East_China,9667868.3,19716619.1,30449565.3,2158370.9,2560917.2,25891138.2,952923,1456790.4,88290326.2,6133933.5
8,114.37,35.59,Henan,Central_South_China,9584302.9,19546196,31295511.2,2187078.4,2594978.9,25614329.2,1214799.7,1441215.5,87346391,6215518.3
9,115.43,34.16,Henan,Central_South_China,9393468.8,19157009.7,33650696.7,2330962.9,2765698.5,24894521.8,143571.4,1400714.8,84891805.1,6624427.6
10,113.55,33.55,Henan,Central_South_China,9361621.3,19092060,30520705,2243698.4,2662158.7,24898951.5,143596.9,1400964,84906910.7,6376428.1
11,114.72,38.27,Hebei,North_China,9360022.9,19088800.3,23315176.9,1943498,2305969.6,25230294.9,145507.9,1419607.4,86036811.3,5523280.4
12,114.95,34.78,Henan,Central_South_China,9274791.1,18914978.7,32544588.8,2200852.1,2611321.4,24692675.9,615632.6,1389357.7,84203498.3,6254662
13,113.6,34.04,Henan,Central_South_China,9148540.3,18657503.3,28529449.8,2125578.4,2522008.8,24407275.7,140761.4,1373299.4,83230266.7,6040739.5
14,114.95,35.94,Henan,Central_South_China,8902042.3,18154796,29580697.3,2045781.1,2427329,23774860.3,1297457.3,1337715.9,81073692.4,5813961.6
15,115.69,35.03,Shandong,East_China,8824760.3,17997187.4,26787735.8,2215611.9,2628833.9,23358485.6,733299.9,1314288.2,79653830,6296608.3
16,115.24,33.73,Henan,Central_South_China,8629352.8,17598674,33357503.1,2223271.8,2637922.5,22777767.7,131363.7,1281613.5,77673547.1,6318377.3
17,116.37,37.05,Shandong,East_China,8591808.1,17522105.4,27002273.9,2071187.8,2457474.1,22838070.7,559666.8,1285006.5,77879183.8,5886165.5
18,116.95,34.29,Anhui,East_China,8552389.3,17441714.9,27020887.3,1876056.2,2225949.6,22941070.9,753441.1,1290801.9,78230420.8,5331615.8
19,114.95,34.28,Henan,Central_South_China,8514753,17364959.4,29230936.5,2034390.9,2413814.4,22653644.7,230670.5,1274629.6,77250280.3,5781591.4
20,115.93,34.31,Henan,Central_South_China,8506161.8,17347438.7,32324351.4,2176742.9,2582715.8,22469151.3,257887.2,1264248.9,76621146.8,6186145.6
21,112.6,26.89,Hunan,Central_South_China,8407421.6,17146068.2,16913750.5,1580875.1,1875715.8,22847017.3,2056779.3,1285509.9,77909692.4,4492732.4
22,115.79,35.51,Shandong,East_China,8399345.2,17129597.2,26330514,2087050,2476294.7,22256793.2,1044699.9,1252300.4,75896993.1,5931244.8
23,112.77,33.01,Henan,Central_South_China,8380138.8,17090427.7,29935834.4,2098773,2490204.1,22187435.8,127959.1,1248397.9,75660480.2,5964560.7
24,106.43,29.6,Chongqing,Southwest_China,8364975.4,17059503.5,4967999.9,1375691.5,1632264.5,22952404.8,132370.8,1291439.7,78269070.1,3909615.6
25,115.26,37.99,Hebei,North_China,8360631.4,17050644.3,22719904.4,1849174.5,2194054.3,22409702.1,129241,1260904,76418421.5,5255219.8
26,114.95,36.72,Hebei,North_China,8324794,16977557.8,24502092.5,1958806.4,2324133,22182057.8,659019.8,1248095.3,75642140.9,5566785.7
27,118.8,36.8,Shandong,East_China,8323789,16975508.1,21087670.3,1772315,2102860.1,22387860.4,359579.1,1259675,76343940.1,5036790.7
28,114.6,32.9,Henan,Central_South_China,8294118.2,16914997.6,33177616.3,2197280.7,2607083.9,21825309,125870.7,1228022.5,74425606.2,6244512.3
29,116.17,34.84,Shandong,East_China,8250113.7,16825255.1,27060723.2,2176881.6,2582880.3,21719299.3,630468.5,1222057.8,74064106.7,6186539.7
30,114.43,35.1,Henan,Central_South_China,8243341.7,16811444.2,29964069.4,2009003.5,2383692.1,21887382.1,763866,1231515.1,74637279,5709442.1
31,112.32,32.68,Henan,Central_South_China,8227499.5,16779135.6,29098156.7,2069211.6,2455129.3,21773604.1,125572.5,1225113.3,74249289.4,5880549.2
32,114.51,33.43,Henan,Central_South_China,8127364.2,16574920.1,29540632.9,2031813.8,2410756.6,21522273.1,124123,1210971.9,73392235.8,5774267.4
33,110.83,21.67,Guangdong,Central_South_China,8075954.3,16470074.8,16431744.3,1452338.1,1723206,22020371.8,768581.2,1238997.9,75090781.8,4127439.5
34,114.5,34.59,Henan,Central_South_China,8043000.4,16402868.9,20296993.4,1633829.4,1938546.3,21720735.9,404003,1222138.6,74069005.5,4643224.6
35,116.07,28.46,Jiangxi,East_China,7990495.6,16295790.6,21385089.7,1488379.9,1765969.8,21729810,1731787.1,1222649.2,74099948.7,4229867.8
36,117.33,33.47,Anhui,East_China,7986039,16286701.9,32165726.5,2083197.6,2471723.8,21050964.1,562545.3,1184453.2,71785044,5920296.5
37,115.25,35.18,Shandong,East_China,7986001.5,16286625.4,24956616.2,2031842.2,2410790.3,21108338,783027.5,1187681.4,71980692.2,5774348.1
38,113.65,35.28,Henan,Central_South_China,7981037.2,16276501.2,26390271.1,1857818.5,2204310.4,21288592.6,807185.2,1197823.6,72595371.3,5279785.3
39,116.65,34.68,Jiangsu,East_China,7966640.7,16247141,26418175.9,1813787.8,2152067.8,21295725.1,699477.5,1198224.9,72619693.4,5154653.5
40,111.91,32.98,Henan,Central_South_China,7857806,16025184,27940169.9,2011668.9,2386854.6,20755568.2,135103.8,1167832.5,70777726.1,5717017.1
41,115.12,32.78,Henan,Central_South_China,7845455.4,15999996.2,29507878.9,2033362,2412593.6,20695124.5,119352.7,1164431.6,70571609.5,5778667.3
42,117.82,33.59,Anhui,East_China,7844892.7,15998848.6,31040750.9,2010403.1,2385352.8,20719175.4,405058.9,1165784.8,70653624.5,5713419.8
43,119.9,33.93,Jiangsu,East_China,7746303.4,15797785.9,28928301.8,1737628,2061703.8,20735835.9,119587.5,1166722.2,70710437.8,4938212.8
44,116.81,37.26,Shandong,East_China,7696357.5,15695926.4,23278980.5,1989531.7,2360588.8,20307633.1,334603.5,1142629,69250240.9,5654104.8
45,114.18,34.18,Henan,Central_South_China,7687112,15677071.1,24656782.3,1800524.2,2136330.5,20492124.5,127480.2,1153009.6,69879367.4,5116959.3
46,115.96,32.91,Anhui,East_China,7683370,15669439.7,26316952.7,1882279.2,2233333.2,20389657.3,117591,1147244.1,69529948.1,5349301.1
47,117.2,37.6,Shandong,East_China,7661256.5,15624341.6,23157255.9,1943693.3,2306201.3,20256167.4,156235.3,1139733.2,69074739.7,5523835.5
48,115.53,33.25,Anhui,East_China,7622010.5,15544303.3,27493989.3,1950669.5,2314478.6,20133448.2,116113.4,1132828.3,68656259.9,5543661.3
49,115.35,35.67,Henan,Central_South_China,7578722.3,15456021.6,25973743.4,1791921.1,2126122.9,20184394.3,1051327,1135694.8,68829989.1,5092509.9
50,120.5,36.83,Shandong,East_China,7528002.5,15352583.8,26213244.4,1814623.9,2153059.8,20010477.2,886221.9,1125909.2,68236921.5,5157029.4
51,113.94,33.1,Henan,Central_South_China,7437490.5,15167993.9,26842757.1,1858313.8,2204898.1,19696558.8,192750.9,1108246.3,67166441.1,5281193
52,116.28,35.61,Shandong,East_China,7372489.3,15035430.7,25791200.1,1951195.2,2315102.3,19402273.5,1024031.8,1091688,66162910.5,5545155.2
53,120.44,33.14,Jiangsu,East_China,7351892.2,14993425,28570045.7,1715176.7,2035065.3,19606148.6,113072.4,1103159.3,66858136.7,4874407.9
54,118.7,35.59,Shandong,East_China,7351038.9,14991684.8,23856645.1,1735759.5,2059486.9,19580611.3,1015983.4,1101722.4,66771053.1,4932902.7
55,116.57,36.64,Shandong,East_China,7321194.6,14930820.3,24139562.6,1898601.8,2252700,19310954.1,711930.9,1086549.8,65851506,5395688.7
56,120.25,32.25,Jiangsu,East_China,7301611.2,14890882.1,20945705.6,1492984.9,1771433.7,19707634.2,113657.6,1108869.4,67204208.8,4242955
57,113.64,31.04,Hubei,Central_South_China,7290582.4,14868390,25190485.1,1518937.6,1802226.7,19646292.7,270287,1105418,66995030.7,4316710.6
58,115.42,34.63,Henan,Central_South_China,7240294.5,14765832.9,25556767.7,1871717.1,2220801.1,19104175.4,361867.7,1074915.2,65146378.2,5319284.2
59,115.26,32.32,Henan,Central_South_China,7228858.7,14742510.8,25188679.9,1509297.3,1790788.4,19476359.2,112323.8,1095856.5,66415547.1,4289313.4
60,120.87,32.35,Jiangsu,East_China,7173930.9,14630491.4,23981342.5,1539140.5,1826197.5,19282129,140785.2,1084928,65753210.6,4374125.7
61,114.38,36.06,Henan,Central_South_China,7143490.2,14568410.7,22834402.3,1603366.3,1902401.7,19121110.2,788710.2,1075868.1,65204127,4556650.7
62,119.31,36.14,Shandong,East_China,7118398.2,14517238.1,25178576.6,1802215.3,2138337,18825064.2,728951.6,1059210.8,64194592.3,5121765.2
63,114.2,32.67,Henan,Central_South_China,7101841.9,14483473.2,26649726.6,1830664.6,2172092.2,18744743.9,110109.3,1054691.5,63920695.3,5202616.1
64,103.9,30.56,Sichuan,Southwest_China,7099653.3,14479009.8,6947695.4,1169430.5,1387534.8,19478475.1,112336,1095975.6,66422762.4,3323436.6
65,116.28,33.37,Anhui,East_China,7099177.4,14478039.2,29679888.1,1932588.3,2293025.2,18622856.1,107401.5,1047833.3,63505050.6,5492275.9
66,118.18,34.59,Shandong,East_China,7076627.2,14432050.5,26245799.3,1790829.7,2124827.9,18715505,689227.2,1053046.3,63820989.1,5089408.1
67,117.39,33.93,Anhui,East_China,7027316.9,14331487.2,28843636.3,1857507,2203940.8,18496492.8,652319.8,1040723.4,63074144.1,5278900.2
68,120.04,33.45,Jiangsu,East_China,7018324.4,14313147.9,25426680.6,1511932.2,1793914.7,18856975.4,108751.7,1061006.3,64303411.5,4296801.7
69,116.76,35.76,Shandong,East_China,6937122.5,14147544.9,24022781.7,1785559.7,2118575,18312940.5,1140393.6,1030395.6,62448219.8,5074431.1
70,119.75,36.46,Shandong,East_China,6915301.7,14103043.8,26712248.5,1788214.1,2121724.5,18246079.1,638788.8,1026633.6,62220218.5,5081974.9
71,114.86,35.49,Henan,Central_South_China,6895292.6,14062237.3,27503052.3,1836880.9,2179467.8,18133019.3,850369.7,1020272.2,61834677.8,5220282.2
72,117.48,36.96,Shandong,East_China,6887383.3,14046107,22639250.7,1711488.3,2030688.9,18250216.8,534071.8,1026866.4,62234328.5,4863925.6
73,114.74,37.76,Hebei,North_China,6881543.5,14034197.3,21286501,1581567.9,1876537.7,18378541.9,105992.5,1034086.8,62671924.6,4494701.1
74,113.13,35.06,Henan,Central_South_China,6866499.6,14003516.8,21917478.9,1577693.6,1871940.9,18338830.6,640668.6,1031852.4,62536506.9,4483690.8
75,118.63,39.5,Hebei,North_China,6863342.6,13997078.4,16615717.1,1608326.8,1908287.3,18295298.4,535091.7,1029403,62388059.4,4570748.1
76,118.77,35.1,Shandong,East_China,6834494.5,13938245.9,22480101.8,1726004.1,2047912.1,18079113,673807.8,1017239.1,61650854.2,4905178.6
77,113.05,34.01,Henan,Central_South_China,6820786.8,13910290.4,22782052.3,1681876.3,1995554.1,18088371.1,150092,1017760,61682424.9,4779770.3
78,118.36,33.83,Jiangsu,East_China,6818155,13904923.2,22233233.5,1404050.5,1665912.6,18391644,270178.5,1034824,62716603.7,3990209.8
79,116.79,33.32,Anhui,East_China,6695922.9,13655643.3,30916052.3,1889149.7,2241485.1,17490767.8,300073.6,984135.3,59644562,5368826.5
80,113.17,32.77,Henan,Central_South_China,6678135.9,13619368.7,26175596.3,1778237.5,2109887.1,17562836,101288.2,988190.3,59890318.8,5053621.9
81,117.69,37.71,Shandong,East_China,6621745.1,13504365.4,20862772.6,1641363.8,1947485.9,17550933,171775,987520.5,59849729,4664636.9
82,116.11,36.25,Shandong,East_China,6580844,13420951.8,23727158.5,1608814.7,1908866.3,17467609.7,853949.7,982832.3,59565591.5,4572134.8
83,115.27,30.43,Hubei,Central_South_China,6565623.4,13389911,21331301.6,1352459.5,1604699.6,17709990.7,612494,996470.1,60392125,3843591.9
84,117.87,34.11,Jiangsu,East_China,6509060.3,13274556.4,23397304.1,1462251.6,1734968.5,17421482.8,521472.3,980236.9,59408296,4155613.1
85,112.76,32.51,Henan,Central_South_China,6437657.9,13128938.5,24983832.2,1693638,2009509.5,16953422.1,97773.6,953901,57812181.2,4813196.3
86,119.12,33.86,Jiangsu,East_China,6412633.4,13077903.7,24608185.1,1487870.7,1765365.6,17110473.2,98679.3,962737.6,58347734.7,4228420.7
87,104.26,31.16,Sichuan,Southwest_China,6410063.1,13072661.9,14939975.5,1170770.3,1389124.5,17457887.5,100682.9,982285.2,59532438.2,3327244.4
88,111.86,32.29,Hubei,Central_South_China,6405888.8,13064148.8,19971852.3,1298389.5,1540545.2,17302817.4,99788.6,973560.1,59003640,3689928.7
89,121.56,31.1,Shanghai,East_China,6375855.6,13002899.1,5022010.1,1072560.2,1272597.8,17467658.9,896998,982835,59565759.2,3048138.4
90,112.18,31.8,Hubei,Central_South_China,6366691.2,12984209.3,19856913.7,1314407,1559550.1,17170119.7,113593.8,966093.7,58551132.9,3735449.4
91,116.51,32.92,Anhui,East_China,6344080.5,12938097,26721257,1702166.5,2019628.6,16669885.6,127439.6,937947.5,56845304.7,4837433.8
92,115.97,33.73,Anhui,East_China,6326558.3,12902362.4,27351808.8,1724431.5,2046046.1,16593659.8,100741.5,933658.6,56585370.1,4900709.2
93,121.52,31.84,Jiangsu,East_China,6285482.7,12818593,19657357.5,1460742.9,1733178.4,16768546.9,509358.4,943498.8,57181745.5,4151325.4
94,114.74,36.35,Hebei,North_China,6255349.6,12757139.5,17932433.8,1546183.6,1834554.2,16584682,699461.3,933153.5,56554755.4,4394141.7
95,115.57,32.7,Anhui,East_China,6190735.3,12625365.5,23102796.8,1596878.2,1894703.5,16338750.6,94228.7,919315.9,55716114.7,4538212
96,123.3,41.79,Liaoning,Northeast_China,6183514,12610638.2,9680835.8,1173478.1,1392337.3,16791531.2,698993.3,944792,57260123.4,3334939.6
97,112.46,28.54,Hunan,Central_South_China,6181431,12606390.1,18351633.7,1249358.3,1482369.6,16700497.2,621573.2,939669.9,56949692.1,3550585.8
98,112.49,29.3,Hunan,Central_South_China,6167653,12578291.4,20710074.7,1305401.7,1548865.3,16597424.9,234442.2,933870.5,56598209.5,3709857.1
99,117.26,35.75,Shandong,East_China,6148599.3,12539433.3,18735594,1541497.3,1828993.8,16277367.7,1054110.6,915862.1,55506795.1,4380823.5
100,113.69,30.58,Hubei,Central_South_China,6125896.4,12493133.2,21967323.8,1304068.7,1547283.7,16476655.8,95024,927075.3,56186379.7,3706068.6
101,115.71,39.11,Hebei,North_China,6111231.6,12463225.9,15151171.5,1406210.9,1668475.9,16319387.1,94117,918226.4,55650083.9,3996349.4
102,113.81,34.48,Henan,Central_South_China,6110389.7,12461508.9,17352448.7,1407227.8,1669682.5,16315783.7,242144.7,918023.6,55637796.2,3999239.4
103,118.61,34.25,Jiangsu,East_China,6072210.3,12383645.8,22339770.8,1400469.5,1661663.7,16211560.8,345223.3,912159.4,55282389.9,3980032.8
104,118.33,36.91,Shandong,East_China,6065537.2,12370036.8,18999659.4,1426028.8,1691989.9,16163413.2,302172.8,909450.4,55118203.6,4052670.5
105,112.7,34.82,Henan,Central_South_China,6034064.8,12305852.2,19667655.6,1451248.4,1721913,16043034.5,512443.7,902677.1,54707705.1,4124342.6
106,126.53,45.7,Heilongjiang,Northeast_China,6018493.1,12274095.2,6489841.9,1177621.7,1397253.7,16303719.7,94026.6,917344.8,55596657.3,3346715.5
107,112.64,34.26,Henan,Central_South_China,6010267.1,12257319.1,20811353,1465962.9,1739371.9,15956885.4,336389.9,897829.9,54413931.4,4166160.2
108,115.9,36.94,Shandong,East_China,6000941.7,12238301,21229774,1563842.8,1855506.9,15820021.3,418095.7,890129.1,53947216.6,4444328
109,86,44.4,Xinjiang,Northwest_China,5995083.2,12226353,11717028.4,1477962.1,1753609,15898996.5,91692.5,894572.7,54216526.8,4200261.1
110,114.64,32.42,Henan,Central_South_China,5981967.8,12199605.7,25965969.5,1643065.2,1949504.6,15675790.6,90405.2,882013.8,53455381.5,4669472.1
111,118.88,36.33,Shandong,East_China,5974658.8,12184699.6,20704819.2,1460694.4,1733120.8,15858523.1,491388.8,892295.4,54078510.1,4151187.7
112,119.56,33.62,Jiangsu,East_China,5941767.8,12117621.8,21734640.7,1331500.6,1579831.8,15906830.3,91737.7,895013.5,54243240.4,3784028.2
113,117.69,34.6,Shandong,East_China,5939507.6,12113012.5,23570658.4,1596553.3,1894318.1,15603531.3,703116.4,877948.1,53208972.8,4537288.8
114,112.05,34.56,Henan,Central_South_China,5939023,12112024.1,18563608.6,1505642.1,1786451.5,15703871.9,618018.3,883593.8,53551140.3,4278925.6
115,113.32,29.28,Hunan,Central_South_China,5933344.1,12100442.7,11329549.9,1124783,1334560.3,16113551.5,247626.7,906644.8,54948172.1,3196551.7
116,115.73,38.17,Hebei,North_China,5892096.7,12016322.7,18122695.7,1463657.5,1736636.6,15613468.4,90045.8,878507.2,53242858.9,4159608.5
117,116.79,33.81,Anhui,East_China,5854560.2,11939771,23736242.3,1533766,1819820.7,15425088.8,359546.9,867907.8,52600473.4,4358851.9
118,117.16,35.08,Shandong,East_China,5848698.6,11927816.8,17528096.9,1440586.1,1709262.2,15512225.3,797331.3,872810.6,52897614.1,4094041.2
119,114.02,35.25,Henan,Central_South_China,5842975.2,11916144.6,20143747.4,1400343.5,1661514.2,15540512.3,603737.4,874402.2,52994074.3,3979674.7
120,117.89,39.71,Hebei,North_China,5834257.5,11898365.8,15846907.9,1410417.5,1673467,15503711.3,218332.3,872331.6,52868580.7,4008304.2
121,119.47,34.24,Jiangsu,East_China,5795541.5,11819408.5,22228732.2,1435402.3,1703111.6,15362386.4,88597.8,864379.8,52386654.2,4079309.2
122,117.19,32.99,Anhui,East_China,5767875.7,11762986.9,21808268.3,1459461.9,1731658.4,15254451.5,203814.5,858306.7,52018589.8,4147684.9
123,113.13,23.15,Guangdong,Central_South_China,5752256.4,11731133,4098438.2,907748.3,1077047.7,15826268.5,1833117.5,890480.6,53968519.9,2579755
124,117.22,32.45,Anhui,East_China,5719696.1,11664729.5,20410129.4,1241939.9,1473567.5,15356862.7,88565.9,864069,52367818.3,3529503
125,114.21,30.4,Hubei,Central_South_China,5695893.1,11616185.7,10296988.5,1076327.4,1277067.5,15472543.7,100477.5,870577.9,52762297.2,3058844.4
126,111.46,27.16,Hunan,Central_South_China,5623473.8,11468494.1,16152524.2,1184060,1404892.8,15139915,1265908.4,851862.2,51628013.5,3365012.7
127,113.2,33.26,Henan,Central_South_China,5619643.7,11460682.9,20695636.8,1470986.5,1745332.4,14807535.2,142530.4,833160.5,50494578.6,4180436.9
128,110.74,26.93,Hunan,Central_South_China,5616053.9,11453362,15522716.7,1197184.8,1420465.5,15103498.9,1469968.4,849813.2,51503832.7,3402312.5
129,119.41,36.79,Shandong,East_China,5610837.4,11442723.6,20274608.1,1407098.5,1669529.1,14853262.7,316126.2,835733.5,50650512.1,3998872
130,106.23,30.92,Sichuan,Southwest_China,5592301.5,11404921.5,13788448,1165287.1,1382618.6,15069657.2,86909.6,847909.1,51388430.3,3311661.3
131,110.1,22.68,Guangxi,Central_South_China,5582892,11385731.7,13939313.4,967510.7,1147956,15263483.6,769330.6,858814.9,52049389.8,2749595.2
132,116.17,35.19,Shandong,East_China,5549555.6,11317745.6,17993270.9,1441337.2,1710153.4,14635507.9,573266.2,823481.3,49907955.4,4096175.8
133,117.72,33.13,Anhui,East_China,5516281.1,11249885.7,23261482.9,1461682,1734292.7,14515309.2,176760.1,816718.2,49498070.7,4153994.4
134,80.71,43.94,Xinjiang,Northwest_China,5492720.7,11201836.6,9616918.7,1418786.1,1683396.4,14494340.1,841254.8,815538.3,49426564.6,4032087.1
135,115.22,36.22,Hebei,North_China,5474816.8,11165323.6,17717820.2,1305361.5,1548817.6,14568878,664077.4,819732.3,49680743.6,3709742.7
136,119.07,39.77,Hebei,North_China,5471753.6,11159076.5,13630399.8,1313617.6,1558613.5,14550667.8,603514,818707.6,49618645.4,3733206
137,112.24,22.61,Guangdong,Central_South_China,5438819.9,11091911.5,13974738.9,879576.5,1043621.6,14940074.5,1276446.4,840618,50946545.6,2499692.5
138,121.75,37.2,Shandong,East_China,5435844.3,11085843.2,20193546.8,1285174,1524865.1,14477364.7,980017.1,814583.2,49368677.7,3652371.4
139,114.34,33.87,Henan,Central_South_China,5421483.6,11056555.9,20352572.7,1401765.3,1663201.1,14304813,82498.6,804874.4,48780266.1,3983715.3
140,103.47,30.38,Sichuan,Southwest_China,5387799,10987859.8,10754443.8,1053103.3,1249512,14596454.2,84180.5,821283.9,49774779.8,2992843.1
141,112.57,32.12,Hubei,Central_South_China,5349694.2,10910148.9,19367211.6,1213862.2,1440253.2,14304942.7,82499.3,804881.7,48780708.1,3449708.3
142,116.75,37.72,Shandong,East_China,5331499.8,10873043.4,18332573.5,1460975,1733453.8,13975069.6,80596.9,786321.1,47655821.3,4151985.1
143,112.78,26.42,Hunan,Central_South_China,5327277.5,10864432.4,15439352.6,1074573.4,1274986.5,14395217.8,1519644.1,809961.1,49088551.9,3053859.8
144,117.95,35.04,Shandong,East_China,5285901.4,10780050,17021082.9,1307481.8,1551333.4,14013369,707841.5,788476,47786424.7,3715768.5
145,117.03,39.95,Hebei,North_China,5275465,10758766.1,11220347.9,1169657.2,1387803.8,14137082.9,135429,795436.9,48208296.3,3324081
146,112.91,30.66,Hubei,Central_South_China,5272196.7,10752100.8,20008562.1,1331765.8,1580146.4,13946060.6,80429.6,784688.8,47556898.9,3784781.9
147,119.63,31.9,Jiangsu,East_China,5270312.2,10748257.5,19365078.9,1254199.9,1488114.1,14027364.7,242542.9,789263.5,47834150.8,3564345.1
148,112.88,27.79,Hunan,Central_South_China,5256184.4,10719445.3,11723699.7,1033287.6,1226000.6,14233272.9,900197,800849.1,48536310,2936528.4
149,117.61,24.54,Fujian,East_China,5250878.5,10708624.5,10996781.5,861176.8,1021790.3,14410386.3,2958749.8,810814.6,49140277.3,2447401.9
150,115.37,37,Hebei,North_China,5233256,10672685.3,17970506.8,1369022.3,1624351.5,13790341.8,298541.8,775927.2,47025888.5,3890662.2
151,111.69,29.56,Hunan,Central_South_China,5230195,10666442.6,15601706.2,1090652.6,1294064.5,14092966.8,144012.5,792954.7,48057857.8,3099555.6
152,114.99,30.84,Hubei,Central_South_China,5220604.9,10646884.6,17656014.4,1113094.9,1320692.3,14039767.1,451709.6,789961.3,47876443.5,3163334.9
153,119.03,34.44,Jiangsu,East_China,5204805.4,10614663.2,21692414.7,1274647.3,1512375,13812676.5,226408,777183.8,47102051.3,3622455.2
154,116.42,34.4,Anhui,East_China,5201162.5,10607233.8,18291893,1342801,1593239.7,13725723.6,305618.2,772291.4,46805536.7,3816143
155,115.16,38.47,Hebei,North_China,5195349.2,10595378.3,14882667.8,1322434.9,1569075.2,13731499.2,79192.1,772616.3,46825231.5,3758264.1
156,114.82,37.18,Hebei,North_China,5185371.7,10575030.2,18221604.9,1327259.9,1574800.2,13696884.7,218327,770668.7,46707194.2,3771976.5
157,112,27.7,Hunan,Central_South_China,5167529.9,10538643.5,12713947.1,1077346.1,1278276.2,13924380.6,890461.2,783469,47482968.7,3061739.4
158,112,30.71,Hubei,Central_South_China,5167080.1,10537726.3,17932729.2,1117515.6,1325937.6,13878100.7,80037.6,780865,47325151.7,3175898.3
159,118.24,35.44,Shandong,East_China,5166226.4,10535985.3,17244077,1312598.4,1557404.2,13657239.1,741088.8,768438,46572000.3,3730309.5
160,104.86,29.54,Sichuan,Southwest_China,5110132.6,10421587.8,12290369.2,1082537.2,1284435.5,13750513.6,79301.8,773686.2,46890072,3076492.3
161,121.14,32.09,Jiangsu,East_China,5103670.3,10408408.6,15527705,1132374.2,1343567.4,13675808.1,244232.3,769482.8,46635321.8,3218125.4
162,107.46,40.96,Inner Mongolia,North_China,5100122,10401172.2,8069121.5,1334224.8,1583064,13439481.4,340664.4,756185.7,45829433.6,3791770.2
163,119.16,35.37,Shandong,East_China,5079891.7,10359914.6,17411365.6,1284261.7,1523782.6,13436173.4,553079,755999.5,45818153,3649778.7
164,116.31,37.51,Shandong,East_China,5070606.1,10340977.6,16420447.5,1318446.8,1564343.3,13370721.1,152209.2,752316.8,45594956.8,3746930.2
165,116.87,28.84,Jiangxi,East_China,5064805.5,10329147.9,16633277.2,1036901,1230288,13668879.9,1133124.2,769093,46611696.1,2946797.5
166,118.61,34.72,Shandong,East_China,5061448.3,10322301.1,19206685.4,1293042.1,1534200.5,13372343.7,409616.7,752408.1,45600490,3674731.8
167,112.11,26.89,Hunan,Central_South_China,5027212.4,10252480.5,14326853.4,1025329.9,1216558.8,13571760.8,1215735.3,763628.5,46280514.2,2913913.2
168,120,32.66,Jiangsu,East_China,5024262.6,10246464.7,16549360.4,1050078.1,1245922.7,13535422.5,78061.3,761583.9,46156598.4,2984245.9
169,113.33,34.45,Henan,Central_South_China,5008216.7,10213740.7,17197501.1,1201259.3,1425299.8,13319219.2,198565.1,749419,45419332.3,3413891.7
170,116.46,39.3,Hebei,North_China,4995903.1,10188628.6,14095919.5,1268170.7,1504690.5,13208269.9,76174.6,743176.3,45040988.5,3604049
171,113.8,27.71,Jiangxi,East_China,4986270.3,10168983.3,10656311.4,969541.5,1150365.6,13514329.8,895969.8,760397.1,46084671.2,2755366.6
172,117,36.89,Shandong,East_China,4971626.8,10139119.5,15820376.4,1279659.4,1518321.9,13124330.3,369948.8,738453.4,44754749.5,3636699.2
173,116.71,28.25,Jiangxi,East_China,4970171.1,10136150.8,12772815.5,1020743.5,1211117,13409880.4,1312641,754520.1,45728492.4,2900878.9
174,119.15,29.1,Zhejiang,East_China,4950427.3,10095885.2,9004239.4,915612,1086377.9,13469748.2,1260478.7,757888.6,45932645.1,2602102.8
175,112.65,30.15,Hubei,Central_South_China,4947003.3,10088902.4,19770148.5,1194837.6,1417680.5,13147177.3,75822.2,739738.9,44832659,3395641.8
176,116.65,36.17,Shandong,East_China,4946010.4,10086877.5,17237937.7,1296327,1538098.1,13030670.1,672235.8,733183.5,44435362.5,3684067.4
177,113.89,31.47,Hubei,Central_South_China,4940314.5,10075261.4,17562052.7,1124862.4,1334654.5,13205918.3,290947.2,743044,45032969.5,3196777.3
178,112.86,23.47,Guangdong,Central_South_China,4936388.5,10067254.5,9605199.9,866354.2,1027933.4,13483778.8,1582679.9,758678.1,45980490.5,2462115.9
179,119.16,33.28,Jiangsu,East_China,4927772.9,10049683.9,19423691.2,1093563.7,1297518.4,13204230.5,76151.3,742949,45027213.9,3107828.6
180,123.35,42.74,Liaoning,Northeast_China,4925565.5,10045182.3,15027163.3,1348034.6,1599449.4,12912930.6,153941.7,726558.8,44033863.9,3831016.5
181,111.91,30.14,Hubei,Central_South_China,4885319.2,9963104.1,17302306.3,1168339,1386239.8,12996229.9,74951.7,731245.7,44317919.4,3320334.8
182,116.62,32.43,Anhui,East_China,4874962.2,9941982,19343938.5,1192675.9,1415115.6,12938664,74619.7,728006.7,44121616.3,3389498.5
183,121.98,41.46,Liaoning,Northeast_China,4873513.9,9939028.4,15381591.3,1267039,1503347.8,12851186.6,202497.7,723084.7,43823313.2,3600833
184,118.33,37.67,Shandong,East_China,4863362.8,9918326.2,16045003.8,1280712.2,1519571.1,12806159.8,120640.3,720551.2,43669769.2,3639691.1
185,104.73,31.3,Sichuan,Southwest_China,4853767.4,9898757.5,10886339.6,955616.7,1133843.8,13141954.2,75792.1,739445,44814848,2715793.4
186,117.91,37.17,Shandong,East_China,4840424.8,9871546.7,18476579.6,1286364.6,1526277.7,12732671.7,278975.5,716416.3,43419170.2,3655754.9
187,117.05,39.29,Tianjin,North_China,4830760.6,9851837.4,8205530.6,1087973.8,1290886,12926439.9,74549.2,727318.9,44079931.5,3091942.6
188,113.12,28.33,Hunan,Central_South_China,4809290.1,9808050.6,9181273.8,910773.1,1080636.6,13061921.4,601712.8,734941.9,44541931.4,2588351.2
189,115.73,32.09,Henan,Central_South_China,4805112.7,9799531.3,15672964.8,1047088.1,1242375,12897108.8,74380.1,725668.5,43979910.8,2975748.5
190,106.44,30.47,Sichuan,Southwest_China,4803100.8,9795428.2,13252659.7,1016587.8,1206186.2,12925358,74543,727258,44076242.2,2889068.7
191,119.9,36.91,Shandong,East_China,4790970.5,9770689.7,18413555.7,1261698.6,1497011.3,12615481.2,366666.2,709822.5,43019543.8,3585655.8
192,115.39,27.96,Jiangxi,East_China,4790159.2,9769035,12756813.6,997281.8,1183279.6,12909075.1,1021251.1,726341.8,44020716.5,2834202.5
193,114.9,31.99,Henan,Central_South_China,4749238.4,9685581.4,18749799.5,1134541.2,1346138.5,12635622.5,72872,710955.7,43088226.9,3224283.9
194,105.22,30.27,Sichuan,Southwest_China,4730493.5,9647353.1,11915479,1034846.4,1227850.1,12692329.8,73199.1,714146.4,43281602.2,2940958.3
195,115.46,28.62,Jiangxi,East_China,4727840.4,9641942.2,14350930,1009263.4,1197495.8,12713197.3,811168.9,715320.6,43352761.4,2868253.3
196,108.18,23.01,Guangxi,Central_South_China,4720316.2,9626597.6,10689216.1,848458.7,1006700.3,12871160.5,974137.7,724208.5,43891425.3,2411258.1
197,110.82,22.45,Guangdong,Central_South_China,4715718.4,9617220.7,11508106.1,789849.3,937159.9,12923301.4,669658.1,727142.3,44069229,2244694.4
198,114.84,30.27,Hubei,Central_South_China,4702238.4,9589729.6,12292565.7,927380.9,1100341.9,12729889.3,283430.6,716259.8,43409682,2635549.4
199,113.93,35.71,Henan,Central_South_China,4698809.6,9582736.9,12248757.6,948147.8,1124981.9,12696604.9,452381.3,714387,43296180.6,2694567.3
200,111.48,29.11,Hunan,Central_South_China,4666872.2,9517603.9,13775285.4,962470,1141975.2,12587062.5,322005.1,708223.5,42922634.1,2735269.9
201,110.36,21.55,Guangdong,Central_South_China,4666274.1,9516384.2,10169027,897938.9,1065408.7,12657542.9,267709.3,712189.1,43162976.7,2551877.2
202,117.25,38.07,Hebei,North_China,4647596.8,9478293.8,16443471.9,1247921.9,1480665.2,12211110.3,70423.8,687070.1,41640614.8,3546503.5
203,117.04,31.58,Anhui,East_China,4639149.2,9461065.7,15437046,912974.4,1083248.4,12561292.8,72443.3,706773.5,42834758.1,2594607
204,111.45,27.72,Hunan,Central_South_China,4624166.4,9430509.8,12080176.6,995035.6,1180614.4,12425570.2,826455.6,699136.9,42371936.1,2827819
205,115.77,29.94,Hubei,Central_South_China,4621003.7,9424059.9,15098268.1,1012602.6,1201457.8,12396646.7,608503.9,697509.5,42273305.1,2877743.3
206,116.03,27.82,Jiangxi,East_China,4620498.5,9423029.6,14435025.2,907560.3,1076824.6,12512744.7,1172817.7,704041.9,42669206.1,2579220.6
207,111.68,26.46,Hunan,Central_South_China,4614099,9409978.5,13910756.2,1037189.1,1230629.7,12348909.8,1288824.9,694823.6,42110519.4,2947616.1
208,121.83,39.65,Liaoning,Northeast_China,4605052.4,9391528.9,14315993.9,1089405.8,1292585.2,12263974.1,464270.6,690044.6,41820883.5,3096012.3
209,122.23,41.04,Liaoning,Northeast_China,4602856.4,9387050.4,14494172.7,922606.7,1094677.2,12444247.6,96019.4,700187.8,42435627.1,2621981.2
210,118.77,32.96,Jiangsu,East_China,4594407.1,9369818.8,17282640.5,996076.4,1181849.3,12337271.4,71151.4,694168.7,42070831.8,2830776.8
211,112.19,29.65,Hubei,Central_South_China,4580470.3,9341396.3,16886142.2,1027325.5,1218926.5,12261487.3,70714.3,689904.7,41812403.3,2919584.4
212,113.08,28.82,Hunan,Central_South_China,4579305.2,9339020,11929108,947715.9,1124469.4,12347185,378389.7,694726.5,42104637.8,2693339.9
213,116.13,32.46,Anhui,East_China,4564012.6,9307832.4,16486464.5,1093076.1,1296939.9,12139703.2,70012,683052.4,41397112.3,3106442.9
214,117.75,35.76,Shandong,East_China,4555493,9290457.6,15283400.4,1204965.2,1429696.9,11989517.3,685267.8,674602,40884969.3,3424423.8
215,105.5,30.67,Sichuan,Southwest_China,4543418.5,9265833,10340963.9,956597.4,1135007.3,12232169.4,70545.2,688255.1,41712427.6,2718580.3
216,118.59,37.23,Shandong,East_China,4541395.7,9261707.6,16411458.9,1167355.1,1385072.4,11990339.2,91229,674648.2,40887772.3,3317538.6
217,113.59,34.87,Henan,Central_South_China,4532216.5,9242987.6,12169251.9,1016079.7,1205583.3,12132790.1,343943.3,682663.4,41373538.4,2887624.8
218,120.56,31.78,Jiangsu,East_China,4510251.8,9198192.9,13255922.1,1005391.3,1192901.5,12080442.3,234539.1,679718,41195029.2,2857249.1
219,114.88,28.19,Jiangxi,East_China,4506744.5,9191040.1,12955917.8,925264,1097830.1,12159862,788735.1,684186.6,41465855,2629533.2
220,112.38,33.11,Henan,Central_South_China,4497856.7,9172914.4,17233515.8,1141018.7,1353824.1,11892338.2,77998.8,669134.1,40553583,3242692.5
221,81.21,43.84,Xinjiang,Northwest_China,4495568.7,9168248.1,9417340.9,1196236.9,1419340.8,11823831.6,615733.7,665279.5,40319971.2,3399618.6
222,116.01,39.45,Hebei,North_China,4495459.2,9168024.8,11463666.1,1040063.4,1234040.1,11998320.7,69196.6,675097.3,40914989.7,2955784.7
223,113.17,30.24,Hubei,Central_South_China,4488456.4,9153743.3,16843482.4,1056102,1253070,11959864.2,68974.8,672933.5,40783850.8,3001365.3
224,118.85,35.94,Shandong,East_China,4487493.6,9151779.8,15162369.4,1138842.3,1351241.8,11864431.6,515735.2,667563.9,40458419.7,3236507.3
225,112.5,30.94,Hubei,Central_South_China,4482539.8,9141677,15873122.2,1030106,1222225.6,11971638.8,160306.2,673596,40824002.6,2927486.5
226,118.81,33.66,Jiangsu,East_China,4482265.8,9141118.3,15705977.5,1013991.9,1203106.2,11988873.7,69142.1,674565.8,40882774.6,2881691.4
227,114.48,30.88,Hubei,Central_South_China,4475335,9126983.5,14012744.1,970110.6,1151040.8,12017698.1,279123.5,676187.6,40981067.7,2756983.9
228,121.19,31.38,Shanghai,East_China,4464920.8,9105744.9,5224509.3,788465,935517.4,12190527.3,475367.1,685912,41570425.4,2240760.4
229,114.49,36.82,Hebei,North_China,4463336.4,9102513.7,11963154.8,983426.6,1166840.3,11967661.9,349394.9,673372.3,40810441.1,2794827.1
230,112.47,28.05,Hunan,Central_South_China,4462544.6,9100899,12098184.2,906819.9,1075946.1,12051091.8,636005.6,678066.5,41094942.1,2577116.4
231,106.18,37.99,Ningxia,Northwest_China,4461088.1,9097928.4,6854597.9,1062723.1,1260926,11872319.8,96275.4,668007.8,40485319.1,3020182.1
232,105.53,29.03,Sichuan,Southwest_China,4458977.1,9093623.4,11931658.6,920320.4,1091964.5,12025534.8,69353.5,676628.6,41007791.2,2615483.9
233,116.66,35.29,Shandong,East_China,4449083,9073445.3,15633583,1119989.5,1328872.8,11773069.5,566096.4,662423.3,40146869.6,3182928.9
234,115.18,37.52,Hebei,North_China,4448372.3,9071996,17001586.9,1261423.3,1496684.7,11612677.7,66972.5,653398.7,39599924,3584873.6
235,116.19,37.99,Hebei,North_China,4434124.1,9042938.3,15264786.3,1194603.3,1417402.4,11645753.3,67451,655259.8,39712713.8,3394975.8
236,115.83,37.41,Hebei,North_China,4429431.6,9033368.3,15706168.4,1235348.3,1465746.6,11586406.6,132314.7,651920.6,39510338,3510770.3
237,112.3,26.43,Hunan,Central_South_China,4422767.3,9019777.1,12127682.2,882488.6,1047076.9,11961860.3,1246336.4,673045.8,40790657.4,2507968.6
238,115.64,33.7,Anhui,East_China,4406465.3,8986530.9,17214054.9,1136388.4,1348330.1,11629931.2,67072,654369.5,39658759.4,3229533.3
239,111.57,30.51,Hubei,Central_South_China,4404201.2,8981913.6,11217267.9,892909.5,1059441.3,11895835.4,76006.8,669330.9,40565508.6,2537584
240,119.74,35.91,Shandong,East_China,4401227,8975848,17436833.3,1215195.3,1441835,11526382.8,573031.5,648543.3,39305653.2,3453496.9
241,117,25.09,Fujian,East_China,4385831.9,8944451.4,10836489.8,691396.5,820345.3,12067610.5,2181707.6,678996,41151271.8,1964898.8
242,116.55,23.45,Guangdong,Central_South_China,4384675.1,8942092,4362239.5,720113.1,854417.7,12032079.8,2456876.9,676996.8,41030110.1,2046509.3
243,120.32,30.26,Zhejiang,East_China,4381944.7,8936523.7,4834550.8,758523.8,899992.1,11981091.2,802628.8,674127.9,40856235.9,2155669.7
244,122.72,42.25,Liaoning,Northeast_China,4355776,8883155.4,14590684,1232731.3,1462641.5,11373675.8,377841.6,639951.1,38784913.3,3503332.9
245,114.91,26.84,Jiangxi,East_China,4354812.8,8881191,12910066.6,885221.8,1050319.8,11759833.4,1203815.9,661678.6,40101733.8,2515736.1
246,125.65,44.29,Jilin,Northeast_China,4349409.2,8870170.9,19520677.3,1439002.4,1707383.1,11124148.7,64155.1,625911.2,37934011,4089540.3
247,110.14,22.19,Guangxi,Central_South_China,4347489.8,8866256.5,7786680.5,758711,900214.2,11879999.3,420291.8,668439.9,40511506.6,2156201.6
248,106.11,31.4,Sichuan,Southwest_China,4342327.8,8855729.3,11619737.5,950109.9,1127309.9,11650646.9,67191.5,655535.1,39729401.1,2700143.4
249,107.07,30.91,Sichuan,Southwest_China,4336072.3,8842971.7,11899156.2,945842.3,1122246.4,11637107.7,67113.4,654773.3,39683231.5,2688015.4
250,124.28,43.28,Jilin,Northeast_China,4327018.3,8824507,15703053.7,1320088.6,1566291.4,11191692.9,64544.6,629711.6,38164340.7,3751596.1
251,109.14,34.66,Shaanxi,Northwest_China,4321956.7,8814184.4,8755734.3,961416.2,1140724.9,11578345.5,210639.1,651467,39482849.2,2732275.3
252,109.77,23.06,Guangxi,Central_South_China,4316990.6,8804056.6,10723341.4,842966.9,1000184.2,11696389,722167.6,658108.8,39885384.6,2395650.8
253,115.92,28.84,Jiangxi,East_China,4306287.2,8782228.2,11324783.6,856411.7,1016136.5,11650000.8,800220.5,655498.8,39727198.1,2433860
254,105,29.04,Sichuan,Southwest_China,4305254.7,8780122.4,11736936.4,949892.6,1127052,11542341.6,66566.9,649441.2,39360073.6,2699525.9
255,113.39,31.74,Hubei,Central_South_China,4298979,8767323.8,13005828.3,916036.3,1086881.4,11561863.2,154023.2,650539.6,39426643.3,2603308.8
256,114.07,34.79,Henan,Central_South_China,4288578.8,8746113.7,13360428.6,998178,1184343,11439468.2,277414,643652.9,39009269.1,2836749.6
257,122.43,41.64,Liaoning,Northeast_China,4288371.6,8745691.1,16612502.4,1251499.8,1484910.4,11155310.8,286586.8,627664.5,38040275.5,3556671.7
258,112.97,29.68,Hunan,Central_South_China,4283386.4,8735524.2,15184783.1,972497.8,1153873.3,11453009.5,66051.7,644414.9,39055445.8,2763768.3
259,120.18,36.5,Shandong,East_China,4282595.9,8733912.2,17207757.1,1164836.8,1382084.3,11235404.3,473700.3,632171.1,38313399.3,3310381.6
260,112.03,29.14,Hunan,Central_South_China,4269737.1,8707687.9,15588773.8,930989.5,1104623.5,11459506.6,209869.2,644780.4,39077601.2,2645804.8
261,103.8,29.99,Sichuan,Southwest_China,4260178.8,8688194.8,11360483.7,881772.9,1046227.7,11486610,66245.4,646305.4,39170025.6,2505934.7
262,113.05,22.66,Guangdong,Central_South_China,4257191.5,8682102.5,4976638.6,716520.1,850154.5,11662835.7,1205201.1,656220.9,39770965.7,2036298.3
263,114.41,27.97,Jiangxi,East_China,4234236.6,8635288.2,10101102.5,865877.6,1027367.9,11428444.4,727008.6,643032.7,38971677.2,2460761.3
264,119.53,32.5,Jiangsu,East_China,4231090.5,8628872.1,14053713.4,896705.6,1063945.4,11384726,65657.9,640572.8,38822595,2548372.3
265,118.17,33.3,Jiangsu,East_China,4219969.6,8606192.2,17046769,998227.3,1184401.4,11238528.4,72744.9,632346.9,38324052.5,2836889.5
266,120.26,37.26,Shandong,East_China,4218549.7,8603296.4,15473712.7,1102647.5,1308296.5,11117490.2,348466.8,625536.5,37911305,3133644.2
267,117.59,32.1,Anhui,East_China,4208967.4,8583754.4,14426716.8,915756.1,1086549,11298626.8,65161.3,635728.4,38528991.8,2602512.6
268,120.32,33.65,Jiangsu,East_China,4206959,8579658.4,17504616.3,1035001.7,1228034.5,11159271.1,64357.6,627887.4,38053780.5,2941399.9
269,104.78,30.75,Sichuan,Southwest_China,4205639.8,8576968.1,10899146.4,895892.4,1062980.6,11311117.9,65233.3,636431.2,38571587,2546061.4
270,120.09,31.79,Jiangsu,East_China,4192027.6,8549207.5,9738982.8,862515.5,1023378.7,11308621.9,213378.7,636290.7,38563075.4,2451206.6
271,115.8,36.5,Shandong,East_China,4186651.5,8538243.4,15318064,1064130.8,1262596.2,11067206.8,448617.4,622707.3,37739835.6,3024182.6
272,112.64,27.34,Hunan,Central_South_China,4183539.9,8531897.6,10924877.3,825101.9,978987.3,11325648.3,859609,637248.8,38621136.5,2344879.7
273,116.08,38.51,Hebei,North_China,4165107.3,8494306.3,14291651.6,1073163.1,1273313.1,10994016.3,63404.6,618589.2,37490251.7,3049851.6
274,123.7,42.38,Liaoning,Northeast_China,4138767.2,8440588.3,12693146.3,1072801.8,1272884.4,10917298.1,234491.6,614272.5,37228638,3048824.9
275,122.72,41,Liaoning,Northeast_China,4117161.9,8396526.7,14504989.2,1029853,1221925.4,10902112.8,202343,613418.1,37176855.2,2926767.5
276,116.92,32.05,Anhui,East_China,4113278.2,8388606.1,14817744,887665.2,1053219,11049896.3,63726.8,621733.3,37680805.7,2522680.2
277,117.41,36.17,Shandong,East_China,4108275.9,8378404.5,14430793.1,1139815.6,1352396.6,10753010.4,561537.9,605028.7,36668407.2,3239273.3
278,118.38,24.89,Fujian,East_China,4096660.4,8354715.8,7459650,669548.1,794422,11245385.2,2351096.9,632732.7,38347434.5,1902807.1
279,118.37,35.93,Shandong,East_China,4078062.9,8316788.2,13879035.6,1084552.6,1286826.8,10726405.7,489986.2,603531.8,36577683.5,3082220
280,126.63,44.62,Jilin,Northeast_China,4072186.9,8304804.6,18752020.1,1349994.6,1601775,10412083.7,60048.4,585846.1,35505826.9,3836586.8
281,117.43,37.29,Shandong,East_China,4055289.9,8270344.9,14844270.9,1033490.8,1226241.8,10716882.3,206172,602995.9,36545208,2937106
282,107.16,30.06,Chongqing,Southwest_China,4048855.4,8257222.6,12430978.8,836663,992704.6,10918357.9,62968.2,614332.2,37232252,2377735.5
283,109.15,22.3,Guangxi,Central_South_China,4041694.3,8242618.1,12031340.1,746821.1,886106.8,10997953,453028.5,618810.7,37503676,2122411.5
284,114.03,30.95,Hubei,Central_South_China,4033168.1,8225229.9,14253129.4,902427.9,1070735,10798813.5,175963.1,607605.9,36824598.4,2564634.6
285,121.16,30.87,Shanghai,East_China,4032107.6,8223067.2,9749918.8,794529.2,942712.7,10916482.7,574388.4,614226.6,37225857.4,2257994.4
286,112.63,22.3,Guangdong,Central_South_China,4029013,8216756,9437966.9,742857,881403.3,10965260,947290.9,616971.2,37392191,2111145.7
287,122.88,41.76,Liaoning,Northeast_China,4025945.4,8210500,12569583.5,968487.1,1149114.5,10703723.7,373804.9,602255.6,36500336.7,2752370.1
288,118.69,39.98,Hebei,North_China,3996028.6,8149487.8,9250670.4,905148.6,1073963.1,10687025.5,377275.4,601316,36443394.7,2572366.6
289,111.94,27.27,Hunan,Central_South_China,3977771.5,8112254.1,12858819.9,885876.9,1051097.1,10655140.7,828844.7,599522,36334665.6,2517597.9
290,120.54,41.74,Liaoning,Northeast_China,3968221.5,8092777.9,10842736.6,878462.4,1042299.8,10635478,408435,598415.6,36267614.6,2496526.6
291,105.96,30.5,Sichuan,Southwest_China,3963271.1,8082682.2,10765672.4,896354.7,1063529.1,10600956.2,61137.7,596473.2,36149893.3,2547375.1
292,114.37,38.43,Hebei,North_China,3959450.6,8074890.6,10699675.3,951176.4,1128575.3,10528406.3,133217.5,592391.1,35902493.9,2703174.4
293,106.63,31.24,Sichuan,Southwest_China,3949993.1,8055603,10878536.9,888714,1054463.3,10570631.3,60962.8,594767,36046483.4,2525660.7
294,117.79,32.63,Anhui,East_China,3939695.4,8034601.9,15451272.2,942906.5,1118763,10479820.9,60439.1,589657.4,35736814.5,2679671.8
295,105.8,31.02,Sichuan,Southwest_China,3925349.9,8005345.8,10151324.7,887362.3,1052859.6,10499990.2,60555.4,590792.3,35805593.1,2521819.3
296,103.75,29.52,Sichuan,Southwest_China,3922935.4,8000421.6,11284220.3,816145.9,968360.9,10572635.2,60974.4,594879.7,36053316.9,2319427.4
297,125.17,44.19,Jilin,Northeast_China,3921915.9,7998342.5,16869737.2,1338981.8,1588708.2,9984424.3,57582.1,561783.5,34047482.7,3805289.1
298,118.44,36.46,Shandong,East_China,3920508.6,7995472.5,12405582.7,946272.3,1122756.5,10419875.4,302828.1,586284.5,35532396.8,2689237.2
299,104.44,29.96,Sichuan,Southwest_China,3913547.2,7981275.4,10867909.5,887053.1,1052492.7,10465778.5,60358.1,588867.3,35688929.3,2520940.7
300,119.64,32.99,Jiangsu,East_China,3913397.6,7980970.3,15226737.1,872927.7,1035732.8,10481151.4,60446.8,589732.3,35741351.9,2480797.2
301,112,28.67,Hunan,Central_South_China,3901799.1,7957316.3,11367119.9,807686.8,958324.3,10520217.5,349084.3,591930.4,35874569.5,2295387.4
302,116.45,31.95,Anhui,East_China,3892287.5,7937918.3,14020303.7,864736.2,1026013.5,10428511,60143.2,586770.4,35561844.7,2457517.5
303,113.34,27.59,Hunan,Central_South_China,3874619.2,7901885.7,10547071.1,815526.5,967626,10431861,722455.2,586958.9,35573268.5,2317667.1
304,114.28,32.18,Henan,Central_South_China,3863269.7,7878739.7,14720508.6,980747.7,1163661.8,10213693.2,58904.3,574683.5,34829303.4,2787214
305,113.81,23.02,Guangdong,Central_South_China,3843865.7,7839167.2,2753584.9,612728.4,727005.2,10568814.2,1353016.1,594664.7,36040287.1,1741329.7
306,118.3,28.55,Jiangxi,East_China,3833445.9,7817917,10699823.3,755273.9,896136.1,10378749.9,1014818.4,583970.6,35392156.6,2146433.8
307,120.06,34.16,Jiangsu,East_China,3826186.5,7803112.4,16075609.7,973270.5,1154790,10113484.9,58326.4,569045.2,34487587,2765964.1
308,120.8,37.57,Shandong,East_China,3826120.2,7802977.1,13890586.5,918698.6,1090040.2,10174374.7,422468.3,572471.2,34695224.8,2610874.8
309,111.69,34.6,Henan,Central_South_China,3799301.1,7748282.4,15521195.8,1033115.5,1225796.4,9967779.3,459520,560846.9,33990722.2,2936039.4
310,123.98,42.78,Liaoning,Northeast_China,3796015.4,7741581.5,13404160.8,1108374.1,1315091,9873919.8,99768.1,555565.8,33670655.7,3149918.7
311,87.48,44.25,Xinjiang,Northwest_China,3791613.9,7732604.9,9006729,977927.1,1160315.2,10007045.3,57712.5,563056.3,34124621.7,2779198
312,113.13,33.7,Henan,Central_South_China,3783564.9,7716190,12548448.9,944889.2,1121115.5,10020458.8,57789.9,563811,34170362.6,2685306.6
313,121.3,37,Shandong,East_China,3775514.3,7699771.5,14103123.8,922691.3,1094777.6,10021733.6,590726.6,563882.7,34174709.6,2622221.9
314,116.6,38.27,Hebei,North_China,3772593.7,7693815.3,12600015.3,991664.3,1176614.4,9935978.8,57302.7,559057.6,33882280.5,2818238.1
315,105.89,29.77,Chongqing,Southwest_China,3765509.3,7679367.4,11804454.7,843007.3,1000232.1,10081632.2,58142.7,567253,34378967.6,2395765.5
316,76.02,39.35,Xinjiang,Northwest_China,3748907.2,7645509.1,9539208.8,1012496.8,1201332.3,9843307.3,1038553.1,553843.4,33566265.3,2877442.6
317,115.9,33.28,Anhui,East_China,3745985.3,7639550.2,15642654.8,1020836.6,1211227.5,9825417.2,56665,552836.8,33505259,2901143.6
318,103.71,24.98,Yunnan,Southwest_China,3730732.9,7608444.5,5923682.6,777166.2,922111.4,10053506.4,1031556.1,565670.4,34283056.8,2208650.1
319,105.35,29.48,Chongqing,Southwest_China,3730155.3,7607266.6,10505630.5,826029.9,980088.4,9997120.7,57655.3,562497.8,34090778.1,2347517.2
320,113.86,33.92,Henan,Central_South_China,3724021.9,7594758.1,11623863.6,880807.1,1045081.8,9917848.6,57198.1,558037.5,33820455.7,2503189.9
321,124.82,43.74,Jilin,Northeast_China,3713622.6,7573549.8,17681854.9,1367993.2,1623130.3,9342077.9,53877.5,525641.2,31857043.1,3887737.3
322,115.34,38.87,Hebei,North_China,3705766.5,7557528.1,9034032,845179.2,1002809.1,9904276.9,57119.8,557273.9,33774175.3,2401938.1
323,114.86,27.3,Jiangxi,East_China,3698404.2,7542513.4,11935452.5,764832.5,907477.4,9972654.9,882498.1,561121.3,34007348.5,2173598.6
324,117.58,35.35,Shandong,East_China,3696705.9,7539050,12640211.5,979896.7,1162652.1,9726954.7,625960.4,547296.7,33169496.1,2784795.4
325,127.06,46.64,Heilongjiang,Northeast_China,3693756.1,7533034.2,13853511.6,1074657.2,1275085.9,9612249.6,55435.7,540842.7,32778344.8,3054097.9
326,126.02,44.62,Jilin,Northeast_China,3686611.1,7518462.6,17489463.3,1215723,1442461.1,9433430.1,54404.4,530781.2,32168559.5,3454996.6
327,110.29,19.79,Hainan,Central_South_China,3676928.9,7498716.9,7982963,692508.9,821665.1,9990730.4,57618.4,562138.3,34068986.7,1968060.1
328,123.22,42.26,Liaoning,Northeast_China,3668380.1,7481282.4,12483121.3,1050471.5,1246389.4,9565021.5,261884.1,538185.4,32617294.3,2985363.7
329,119.17,31.82,Jiangsu,East_China,3667555.6,7479601,15259682.2,894944.4,1061855.7,9736693.6,197001.5,547844.7,33202706.4,2543367.1
330,113.31,27.07,Hunan,Central_South_China,3661146.1,7466529.3,10633626.8,767383.1,910503.6,9860710,846923.7,554822.6,33625609.4,2180847
331,125.32,44.65,Jilin,Northeast_China,3658296.6,7460718.1,17599988.2,1335524.1,1584605.7,9216429.6,53152.9,518571.5,31428574.8,3795462.7
332,112.48,37.52,Shanxi,North_China,3650599.5,7445020.7,7847019.9,841699.6,998680.5,9746645.4,69146.6,548404.6,33236642.6,2392049.2
333,115.81,34.58,Shandong,East_China,3643239.8,7430011.4,12445142.2,963875.4,1143642.7,9588341.6,169070.3,539497.5,32696817.1,2739264
334,113.23,30.98,Hubei,Central_South_China,3641446,7426353.2,12997247.3,811645.4,963021.2,9753485,106322.5,548789.4,33259966,2306637.5
335,107.64,31.04,Sichuan,Southwest_China,3640617.2,7424662.8,9561756.1,770606.9,914328.7,9796993.9,56501.1,551237.5,33408333.9,2190008.9
336,114.79,38.74,Hebei,North_China,3630069.5,7403152,7852556,872919.4,1035723,9651589.4,98229.9,543056.2,32912495.9,2480773.7
337,115.95,35.83,Shandong,East_China,3619899.2,7382410.7,12288390.4,923148.6,1095320.2,9565588.2,550972.1,538217.2,32619226.5,2623521.4
338,121.56,41.92,Liaoning,Northeast_China,3608240.5,7358633.9,10242775.1,935284.5,1109719.4,9517867.9,287766.1,535532.2,32456497.6,2658010.6
339,116.49,38.8,Hebei,North_China,3601428.7,7344742,11732083.6,963346.8,1143015.6,9466512.4,54595.2,532642.6,32281372,2737761.8
340,114.22,36.49,Hebei,North_China,3601008.4,7343884.9,9343464.1,846365.6,1004216.8,9596222.3,316629.2,539940.9,32723690.8,2405309.6
341,117.43,39.72,Tianjin,North_China,3592054.3,7325623.9,11499285.7,953843.9,1131740.3,9449701.4,54498.2,531696.8,32224045.8,2710755.3
342,119.04,32.51,Anhui,East_China,3576832.5,7294580.5,14688052.7,839104.9,995601.9,9533563.4,54981.9,536415.3,32510020,2384675.1
343,122.78,45.55,Jilin,Northeast_China,3576640.5,7294189,13107970.1,880174.7,1044331.4,9487030.7,54713.5,533797.1,32351340.8,2501392.6
344,115.72,29.44,Jiangxi,East_China,3569979,7280603.6,11798226.5,746714.9,885980.8,9616911.7,511281.6,541105,32794242.7,2122109.7
345,104.75,30.29,Sichuan,Southwest_China,3562547,7265446.7,8422588.1,804395,954418.4,9530587.9,54964.7,536247.9,32499873.4,2286032.2
346,110.26,25.26,Guangxi,Central_South_China,3562207.6,7264754.5,8090558.1,617782.8,733002.2,9738474.7,1292715.8,547944.9,33208780,1755694
347,104.98,28.55,Sichuan,Southwest_China,3560983.9,7262259,9757594,764401,906965.4,9570777.8,55196.5,538509.2,32636923.6,2172372.3
348,112.26,25.57,Hunan,Central_South_China,3552420.1,7244793.9,8508118.4,755630.5,896559.2,9555520.3,1258063.9,537650.8,32584894.5,2147447.1
349,118.43,31.13,Anhui,East_China,3548158.9,7236103.8,12424601.2,761067.5,903010.2,9536958.2,311148.9,536606.3,32521596.5,2162898.6
350,103.83,30.94,Sichuan,Southwest_China,3543440,7226480,9086420.7,684350.8,811985.4,9609012.7,55417,540660.6,32767306.6,1944875.3
351,119.53,31.44,Jiangsu,East_China,3533112.2,7205417.5,13946894.7,861339.1,1021982.9,9380665.1,302280.8,527812.4,31988627.8,2447863.1
352,111.75,21.95,Guangdong,Central_South_China,3505133.6,7148358,7755338.6,666444.1,790739,9516896.9,570262.5,535477.6,32453186.2,1893985.7
353,120.5,30.72,Zhejiang,East_China,3494910.3,7127508.7,7624549,701904.6,832813.1,9447271.4,495861.7,531560,32215759.3,1994762
354,107.65,30.07,Chongqing,Southwest_China,3490663.4,7118847.5,10142273.2,751141.4,891232.9,9379724.3,54094.6,527759.4,31985419.7,2134689.5
355,112.21,32.27,Hubei,Central_South_China,3487659.2,7112720.9,10610427.6,768438.4,911755.8,9351567.4,53932.3,526175.1,31889403,2183846.2
356,112.39,30.48,Hubei,Central_South_China,3484687.6,7106660.6,12594014,772053.7,916045.4,9338819.9,53858.7,525457.9,31845933.2,2194120.7
357,123.17,41.34,Liaoning,Northeast_China,3476759.8,7090492.5,9320157.3,717342,851129.7,9376848,303563.8,527597.6,31975611.3,2038633.9
358,114.3,33.13,Henan,Central_South_China,3476447,7089854.7,12990420.7,905086.5,1073889.5,9165784.1,52860.8,515721.9,31255870.8,2572190.3
359,114.67,25.68,Jiangxi,East_China,3475431.9,7087784.5,8004589.3,676392.3,802542.6,9418796.3,1272187.7,529957.8,32118657.4,1922257.7
360,102.76,37.84,Gansu,Northwest_China,3471313.4,7079385.3,5097831,812450.9,963976.8,9254443.1,464514.8,520710.4,31558203.2,2308926.5
361,126.92,44.99,Jilin,Northeast_China,3471151.8,7079055.7,15533231.6,1107245.8,1313752.3,8923997.1,51466.4,502117.5,30431362.7,3146712.2
362,114.49,23.34,Guangdong,Central_South_China,3456785.1,7049756.4,8669590.6,625656.1,742343.9,9420990,1415080.3,530081.3,32126138.2,1778069.2
363,80.32,41.09,Xinjiang,Northwest_China,3450280.7,7036491.2,10491528.6,959251.4,1138156.3,9028542.2,227086.9,507999.8,30787867.5,2726122.8
364,111.05,27.31,Hunan,Central_South_China,3448252.5,7032354.8,10605630.1,747811.1,887281.5,9259274.9,766651.3,520982.2,31574679.9,2125225.1
365,122.3,39.63,Liaoning,Northeast_China,3443978.3,7023638,12150707.3,962447.9,1141948.9,9006510.9,351537.5,506760.2,30712739.6,2735207.1
366,112.67,23.02,Guangdong,Central_South_China,3441420.2,7018421.1,5922523.2,593069.2,703679.4,9412477.7,975488.3,529602.3,32097110.5,1685459.6
367,126.45,44.05,Jilin,Northeast_China,3431425.7,6998038.3,14582642.7,1103108.1,1308842.9,8812312.4,50822.3,495833.4,30050511.1,3134953.1
368,104.39,29.44,Sichuan,Southwest_China,3423482.1,6981838.3,10209257.7,832824.5,988150.2,9091590.5,52432.9,511547.3,31002866,2366826.9
369,116.49,39.95,Beijing,North_China,3419466.2,6973648.1,1055291.6,556102.7,659818.4,9389575,136437.8,528313.7,32019011.1,1580403.5
370,109.66,21.97,Guangxi,Central_South_China,3417540.4,6969720.8,7449324,600451.7,712438.8,9334295.3,251935.2,525203.3,31830503.9,1706440.3
371,117.43,34.32,Jiangsu,East_China,3413977.7,6962455,10237383.6,741030.1,879235.7,9166510.3,394668.8,515762.7,31258347.2,2105953.7
372,113.61,32.82,Henan,Central_South_China,3410295,6954944.6,11889520.1,868412.1,1030375.1,9013145.1,65499.7,507133.5,30735362.6,2467964.2
373,80.59,44.38,Xinjiang,Northwest_China,3400336.7,6934635.7,4956700.9,871128.1,1033597.6,8980947.5,601595.2,505321.9,30625567.1,2475682.9
374,108.04,41.01,Inner Mongolia,North_China,3393999.6,6921711.7,7449705.1,969804.5,1150677.7,8851941.2,275830.1,498063.2,30185647.7,2756114.2
375,116.64,30.32,Anhui,East_China,3392517.9,6918690,12459180.3,757069.4,898266.4,9085723.8,332048.8,511217.2,30982860.4,2151536.3
376,127.51,46.85,Heilongjiang,Northeast_China,3388946.3,6911406,14348944.8,985535.1,1169342.1,8819537.6,50863.9,496240,30075149.5,2800819.4
377,124.31,43.9,Jilin,Northeast_China,3388632,6910765,16256924.4,1250466.3,1483684.2,8522071.9,49148.4,479502.8,29060773.8,3553734.6
378,114.34,37.95,Hebei,North_China,3387528.8,6908515.1,8352584.6,740590,878713.5,9089561.6,89576.3,511433.1,30995947.5,2104703
379,118.15,31.89,Anhui,East_China,3386226.2,6905858.6,12934630.1,741955.1,880333.3,9084219.6,107402.2,511132.6,30977731,2108582.7
380,115.74,28.24,Jiangxi,East_China,3377176.5,6887402.8,11163427,746354.2,885552.8,9052798.7,707456,509364.6,30870583.7,2121084.6
381,118.54,32.36,Anhui,East_China,3372273.3,6877403.2,12913616.4,773509.2,917772.3,9008046.8,51951.1,506846.6,30717977.2,2198257.1
382,118.74,37.78,Shandong,East_China,3362159,6856776.2,11694343,942493.2,1118272.7,8789283.9,65885.4,494537.7,29971982.5,2678497.4
383,115.7,37.76,Hebei,North_China,3359792.3,6851949.4,11874653.9,915070.6,1085735.6,8813049,50826.5,495874.9,30053023.1,2600564.3
384,114.62,34.26,Henan,Central_South_China,3356891.1,6846032.8,13312021.1,877570.5,1041241.5,8846529.6,67042.8,497758.7,30167193.8,2493991.6
385,110.54,22.85,Guangxi,Central_South_China,3353709,6839543.2,8558947.6,587222,696741.7,9162208.3,542071.8,515520.7,31243677.2,1668842.3
386,122.25,37.13,Shandong,East_China,3350070.8,6832123.5,13358442.5,922712.7,1094803,8776031.1,707731.4,493792,29926789.8,2622282.5
387,113.91,36.12,Henan,Central_South_China,3334849.4,6801081,9897427,743840.4,882570.1,8931680.6,259249.2,502549.8,30457563.9,2113940.4
388,105.17,31.66,Sichuan,Southwest_China,3323558.8,6778055.1,9054367.6,733596.5,870415.8,8910088.6,51386.2,501334.9,30383933.9,2084828.2
389,114.44,29.96,Hubei,Central_South_China,3313406.8,6757351.1,11334132.2,728486.2,864352.3,8886084.2,124172.6,499984.3,30302077.5,2070305
390,117.03,38.53,Hebei,North_China,3313215.3,6756960.6,11929554.3,914499.7,1085058.2,8677313.1,50043.7,488237.6,29590155.4,2598941.7
391,106.56,31.73,Sichuan,Southwest_China,3309796.2,6749987.5,9619457.8,791665.4,939314.7,8804793.9,50778.9,495410.4,30024872.7,2249855.6
392,118.21,39.47,Hebei,North_China,3308749.6,6747853.2,8905570,766795.2,909806.2,8829567.7,165871.9,496804.3,30109352.7,2179176.4
393,113.2,26.59,Hunan,Central_South_China,3305060,6740328.6,10242470.3,709023.7,841260,8883429.9,900374.8,499834.9,30293026.2,2014994
394,126.89,47.33,Heilongjiang,Northeast_China,3290192.3,6710007.5,11892996,1036919.4,1230309.7,8472874.7,48864.7,476734.6,28893008.3,2946849.7
395,126.35,45.01,Jilin,Northeast_China,3286499.8,6702477.1,17695870.7,1291273.3,1532101.9,8177357.3,47160.4,460107.1,27885276.4,3669705.1
396,112.51,31.42,Hubei,Central_South_China,3286461,6702397.9,12411355.9,784844.9,931222.1,8744104.2,139976,491995.6,29817917,2230472.2
397,114.16,22.52,Hong Kong SAR,Central_South_China,3286088.7,6701638.6,147960.8,496367.3,588942.1,9065915.6,1158714.5,510102.7,30915313.3,1410639.8
398,105.25,31.09,Sichuan,Southwest_China,3282105.5,6693515.2,8771752.7,744977.3,883919,8775976.3,50612.7,493788.9,29926602.9,2117171.4
399,122.07,42.29,Liaoning,Northeast_China,3279066.2,6687317,11675242,982903.6,1166219.7,8500759.5,358486.3,478303.6,28988097.3,2793340.7
400,114.88,31.28,Hubei,Central_South_China,3266964.3,6662636.3,9762488.6,743039.2,881619.5,8733812.9,159594.4,491416.6,29782823.3,2111663.6
401,107.07,40.83,Inner Mongolia,North_China,3263251.1,6655063.6,6434336.7,905385.7,1074244.4,8541221.6,176988.4,480580.2,29126075.2,2573040.5
402,126.1,45.94,Heilongjiang,Northeast_China,3255573.4,6639405.8,11062460.1,964354.3,1144210.9,8452736.4,48748.5,475601.5,28824335.5,2740624.9
403,107.4,30.57,Sichuan,Southwest_China,3252747.5,6633642.6,9986874.5,722079,856750.1,8715648.2,50264.8,490394.5,29720880.6,2052096.1
404,124.56,44.34,Jilin,Northeast_China,3250977.9,6630033.8,16083407,1246987.3,1479556.3,8122921.4,46846.4,457044.2,27699646.6,3543847.5
405,116.19,29.65,Jiangxi,East_China,3233699,6594795.2,10576527,731693.3,868157.5,8649113.6,517279.5,486650.9,29493993.4,2079419.2
406,116.9,32.82,Anhui,East_China,3230854.3,6588993.8,12903993.8,827700.8,982070.9,8533320.4,69927.1,480135.7,29099131.9,2352265.6
407,108.66,22.33,Guangxi,Central_South_China,3225702.6,6578487.4,9806347.2,620034.3,735673.7,8750683.8,436131.2,492365.8,29840354,1762092.6
408,77.23,38.31,Xinjiang,Northwest_China,3218289.8,6563369.6,9222769.1,910231.9,1079994.4,8404152.4,686104.6,472867.9,28658661.4,2586812.9
409,125.61,45.05,Jilin,Northeast_China,3212706.6,6551983.4,17401241.6,1269070.7,1505758.4,7986146.3,46057.6,449348.4,27233235.4,3606606.9
410,105.07,29.88,Sichuan,Southwest_China,3207921.6,6542224.9,9533815,754938.4,895738,8547619.7,49295.7,480940.2,29147893.1,2145480.1
411,102.17,27.9,Sichuan,Southwest_China,3203031.4,6532251.9,6130786.7,682555.6,809855.4,8614321.8,360044.3,484693.3,29375351.3,1939773.4
412,118.94,25.31,Fujian,East_China,3202423.3,6531011.7,5034960.1,546436.3,648349.2,8764903.7,1772422.2,493165.9,29888844.6,1552932.2
413,119.32,35.69,Shandong,East_China,3193954.8,6513741,11810187.8,835840.8,991729.1,8416168.9,425160.8,473544,28699638,2375399.1
414,117.19,31.07,Anhui,East_China,3191260.4,6508246,11859334.1,683734,811253.6,8578537.6,99717.2,482679.9,29253325.2,1943122.4
415,123.7,43.6,Jilin,Northeast_China,3190779.7,6507265.6,13597155.3,1075395.8,1275962.2,8138731.2,46937.6,457933.7,27753559.2,3056196.8
416,104.56,28.82,Sichuan,Southwest_China,3189714.4,6505093.1,8442796.1,695473.4,825182.5,8560870.7,49372.2,481685.8,29193079.9,1976485
417,112.02,37.21,Shanxi,North_China,3188827.5,6503284.5,8298957.2,754210.5,894874.4,8492527.7,72594,477840.4,28960026.4,2143411.7
418,116.43,33.62,Anhui,East_China,3186898.7,6499350.9,14913522.6,909863.7,1079557.6,8312653,100004.1,467719.6,28346642.9,2585766.7
419,103.2,30.02,Sichuan,Southwest_China,3178272.9,6481759.4,7852258.9,713506.9,846579.3,8507185.1,49062.5,478665.1,29010009,2027734.7
420,117.15,34.67,Shandong,East_China,3172399.9,6469782,10819601.7,740624.9,878755,8459635.2,363605.2,475989.7,28847861,2104802.3
421,113.88,29.69,Hubei,Central_South_China,3170608.3,6466128.2,11277814.9,728300.9,864132.4,8468184.2,85439.6,476470.7,28877013.4,2069778.3
422,121.33,41.19,Liaoning,Northeast_China,3168982,6462811.6,10284752.5,847249.6,1005265.7,8330279.6,105733.4,468711.4,28406750.6,2407822
423,111.54,25.41,Hunan,Central_South_China,3164366,6453397.8,9551768.2,737176.6,874663.5,8439972.3,1165977.6,474883.3,28780809.1,2095002.4
424,108.07,34.36,Shaanxi,Northwest_China,3162295.5,6449175.1,7813365,757440.1,898706.3,8411228.2,210423.8,473266,28682790,2152589.8
425,113.38,23.55,Guangdong,Central_South_China,3154494.5,6433265.9,6944744,595654.2,706746.5,8569479.3,1115590.5,482170.2,29222435.6,1692806
426,111.87,32.61,Henan,Central_South_China,3151980.8,6428139.3,12776389.3,842518,999651.6,8285797,47785.8,466208.5,28255062.1,2394375
427,105.64,30.17,Chongqing,Southwest_China,3145225.7,6414363.1,9329662,723260.2,858151.7,8399507.3,48441.5,472606.5,28642821,2055453.1
428,106.9,30.47,Sichuan,Southwest_China,3135142.9,6393800.1,8685894.9,679877.1,806677.4,8418545.2,48551.3,473677.7,28707741.6,1932161.3
429,113.13,26.08,Hunan,Central_South_China,3130947.8,6385244.8,7617040.6,668608.4,793307.1,8418875.7,991258.3,473696.3,28708868.6,1900136.7
430,126.57,46.62,Heilongjiang,Northeast_China,3128388.5,6380025.2,12754988.5,988530,1172895.5,8053284.2,46444.8,453126,27462179.7,2809330.5
431,125.39,43.7,Jilin,Northeast_China,3128048,6379330.9,11315213.1,976754.7,1158924.1,8065467.7,46515.1,453811.5,27503726.3,2775866
432,124.99,43,Jilin,Northeast_China,3122366.5,6367744.1,14203942,1011661,1200340.6,8009760.9,99549.8,450677.1,27313762.8,2875067.2
433,116.82,29.3,Jiangxi,East_China,3122134.6,6367271.2,12654203.6,692709,821902.5,8366094.6,572179.4,470726.5,28528881.8,1968628.8
434,117.85,40.06,Hebei,North_China,3120955.1,6364865.6,8063734.1,749875.4,889730.6,8298652.9,168086.4,466931.9,28298901.6,2131091.4
435,120.11,32.99,Jiangsu,East_China,3119830,6362571.2,10241184.6,618653.6,734035.4,8442239.3,48688,475010.9,28788539.8,1758168.6
436,107.06,31.75,Sichuan,Southwest_China,3112320.7,6347256.8,8221541.3,715051.6,848412.1,8312351.2,47938.9,467702.6,28345613.6,2032124.8
437,104.33,30.67,Sichuan,Southwest_China,3107540.7,6337508.4,4897180.5,588108.2,697793.2,8440447.1,48677.6,474910.1,28782428.2,1671361
438,112.33,34.9,Henan,Central_South_China,3099468.5,6321045.9,10873720.3,787083.9,933878.8,8194092.4,293807.5,461048.7,27942344.1,2236835.5
439,114.78,35,Henan,Central_South_China,3099088.7,6320271.5,11335584.3,808436.3,959213.5,8169080.2,254034,459641.3,27857051.1,2297517.3
440,130.49,46.97,Heilongjiang,Northeast_China,3098922.5,6319932.5,12246115.4,792268.9,940030.8,8186690.3,68158.5,460632.2,27917102.3,2251570.7
441,117.75,31.22,Anhui,East_China,3095816.6,6313598.2,11917696,706326.2,838059.4,8273794.3,142151.7,465533.2,28214132.3,2007328
442,116.25,36.59,Shandong,East_China,3092115.3,6306050,12382435.8,823852.3,977504.6,8131406.9,315974.9,457521.6,27728582.8,2341328.5
443,124.82,44.76,Jilin,Northeast_China,3086519.1,6294637.1,15658498.4,1170717.6,1389062,7726764.7,44561.7,434754,26348728.8,3327094.6
444,115.65,38.61,Hebei,North_China,3074261.7,6269639.3,9896153.8,785784.1,932336.5,8121743.1,46839.6,456977.9,27695628.7,2233141.3
445,119.05,34.89,Jiangsu,East_China,3066554.8,6253921.8,8800057.7,643786.9,763856.2,8258119.3,229077.7,464651.2,28160679.7,1829595.7
446,125.52,45.91,Heilongjiang,Northeast_China,3066307.2,6253416.9,10889622.9,985461.8,1169255.1,7874947.5,45416.3,443091.7,26854040.8,2800611.1
447,113,36.03,Shanxi,North_China,3058453.3,6237399.7,8789352.2,756614.5,897726.7,8108107.2,78442.2,456210.6,27649129.5,2150243.6
448,103.76,25.47,Yunnan,Southwest_China,3058286.2,6237058.9,4313316.1,642892.6,762795.1,8234910.4,715610.6,463345.3,28081536,1827054.1
449,125.84,46.87,Heilongjiang,Northeast_China,3057606.1,6235672,11250861.9,1022117.9,1212747.7,7808440.9,45032.7,439349.6,26627249.3,2904785
450,123.37,39.98,Liaoning,Northeast_China,3053022.9,6226324.9,11478849.2,763621.5,906040.5,8084364,349819.9,454874.7,27568163.8,2170157
451,113.82,32.4,Henan,Central_South_China,3044500.4,6208944.2,11998601.2,790463,937888,8029366.3,46306.9,451780.2,27380618.2,2246438.4
452,113.05,39.6,Shanxi,North_China,3044342.1,6208621.3,7356594.2,855833.5,1015450.5,7955731.4,413937.1,447637.1,27129518.9,2432216.8
453,117.84,36.7,Shandong,East_China,3033534.6,6186580.6,8000790.1,699838.6,830361.8,8098697.5,265187.2,455681.2,27617041.9,1988890.6
454,116.16,30.25,Anhui,East_China,3024943,6169059,10403149.3,648541.8,769497.9,8130959.9,339882.7,457496.5,27727058.4,1843108.7
455,110.8,34.53,Henan,Central_South_China,3021556.1,6162151.7,12474940.2,859265,1019522,7885174.3,259493.5,443667.1,26888915,2441968.9
456,111.45,30.03,Hubei,Central_South_China,3017561.3,6154004.8,8135838.3,666079.3,790306.2,8089716.4,46654.9,455175.9,27586415.5,1892949
457,113,32.02,Hubei,Central_South_China,3014402.8,6147563.3,10823081.1,694920.6,824526.5,8048185.4,46415.4,452839.1,27444792.4,1974913.8
458,122.46,40.59,Liaoning,Northeast_China,3010775.3,6140165.4,8734206.8,664514.3,788449.4,8071598.9,110514.5,454156.5,27524634,1888501.4
459,122.05,45.96,Inner Mongolia,North_China,3008181.5,6134875.5,9953131.1,948057.1,1124874.2,7746626.3,158301.9,435871.6,26416458,2694309.5
460,120.76,37.07,Shandong,East_China,3004211.8,6126779.7,10790695.4,767198.9,910285.2,7937443.2,361156.4,446608.1,27067154.9,2180323.7
461,125.68,42.59,Jilin,Northeast_China,2991925.3,6101722.7,13713763.6,954516.8,1132538.7,7691798.5,250429.1,432786.6,26229491.8,2712667.4
462,116.38,28.1,Jiangxi,East_China,2991199.2,6100241.9,10563421.8,646888,767535.7,8034010.6,754581.1,452041.5,27396455.5,1838408.8
463,115.44,30.89,Hubei,Central_South_China,2984005.3,6085570.7,10035250.8,708051.8,840106.8,7944484.7,232780.5,447004.3,27091167,2012231.8
464,111.07,21.94,Guangdong,Central_South_China,2982465.2,6082429.8,6296601.1,549093.3,651501.9,8117902.3,369894.8,456761.8,27682531.2,1560483.5
465,116.45,28.65,Jiangxi,East_China,2976961.7,6071205.9,11138144.4,658142.4,780889.1,7979726.4,671426,448987.2,27211343.2,1870393
466,119.32,41.7,Liaoning,Northeast_China,2969786.3,6056572.5,11737494.6,887068.1,1052510.5,7702473.9,490104.9,433387.3,26265895.6,2520983.2
467,115.42,26.07,Jiangxi,East_China,2966132.2,6049120.4,8189767.2,589375,699296.2,8024991.7,1050062.5,451534.1,27365700.5,1674961
468,117.03,36.17,Shandong,East_China,2965101.2,6047017.7,9401660.1,775771.1,920456.1,7813334.1,400269.8,439624.9,26643935.6,2204685.2
469,106.01,28.97,Chongqing,Southwest_China,2961552.4,6039780.4,8639758.2,678551.2,805104.2,7911764.7,45628.6,445163.2,26979589.9,1928393.2
470,110.59,40.42,Inner Mongolia,North_China,2961406.1,6039481.9,5809663.1,813013.1,964643.9,7760828.9,154802.4,436670.7,26464889.7,2310524.3
471,110.3,23.47,Guangxi,Central_South_China,2956917.9,6030328.8,7081469.1,599736.8,711590.5,7986414.4,609218.1,449363.5,27234149.6,1704408.4
472,106.06,31.87,Sichuan,Southwest_China,2934763.9,5985147.9,8910775.4,680835.6,807814.7,7830772,45161.5,440606.1,26703399.8,1934885.5
473,122.87,42.64,Liaoning,Northeast_China,2934407.5,5984421,9295752.2,857720.6,1017689.5,7631735.8,165099.7,429407.1,26024674.7,2437579.7
474,112.98,34.49,Henan,Central_South_China,2930955.4,5977380.8,9961356,711649.2,844375.2,7785130.2,148376.1,438038,26547758.6,2022455.5
475,103.77,24.51,Yunnan,Southwest_China,2927465.9,5970264.5,4978130.4,646823.6,767459.3,7847474.6,920706.8,441545.9,26760356.7,1838225.9
476,117.14,28.4,Jiangxi,East_China,2926177.1,5967636,8889531.3,615117.5,729839.8,7879190.6,762046.6,443330.4,26868510.1,1748119.2
477,113.62,28.17,Hunan,Central_South_China,2924902.2,5965036,6691905.2,589133.7,699009.9,7904542.2,403346.2,444756.8,26954960.5,1674275.3
478,115.33,31.85,Henan,Central_South_China,2924467.5,5964149.5,11621715.7,693305.8,822610.6,7786666.5,44907.2,438124.5,26552997.4,1970324.7
479,111.09,35.52,Shanxi,North_China,2922858.2,5960867.6,9500439.8,713859,846997.1,7758948.7,138780.5,436564.9,26458478.2,2028735.6
480,111.29,26.73,Hunan,Central_South_China,2912084,5938894.5,8962055.5,666120.8,790355.4,7780837.1,763596.5,437796.5,26533118.7,1893066.9
481,106.77,29.13,Chongqing,Southwest_China,2911803.7,5938322.9,9106036.1,674399,800177.6,7770750.4,44815.4,437228.9,26498722.5,1916592.9
482,115.71,30.46,Hubei,Central_South_China,2911044.6,5936775,8966290.7,605909,718913.9,7845190.7,327402.8,441417.4,26752568.6,1721949.6
483,120.74,32.83,Jiangsu,East_China,2908514.9,5931615.9,12521209.1,735565.1,872751.5,7692656,44365,432834.9,26232415.9,2090422.7
484,108.94,23.21,Guangxi,Central_South_China,2894187.8,5902397.1,8141098.3,600684.4,712714.9,7801682.7,549933.2,438969.4,26604203.5,1707101.5
485,121.28,30.09,Zhejiang,East_China,2886917.3,5887569.7,5002366.3,521838.7,619164.1,7868649.5,605609,442737.3,26832564.2,1483027.9
486,118.37,35.03,Shandong,East_China,2885461.6,5884601,7307784,666622.3,790950.5,7702326.6,324006.3,433379,26265393.4,1894492.2
487,114.42,37.45,Hebei,North_China,2885173.3,5884012.9,10185806.7,738990.8,876816.1,7620478.1,85027.5,428773.7,25986285.1,2100158.3
488,112.76,33.43,Henan,Central_South_China,2880382.1,5874241.9,12152759.2,802766.5,952486.2,7535063.9,101717.1,423967.8,25695017.4,2281404.1
489,105.64,31.47,Sichuan,Southwest_China,2878915.9,5871251.8,8426919.3,702046.3,832981.2,7643510.2,44081.6,430069.6,26064825.8,1995164.5
490,106.27,38.53,Ningxia,Northwest_China,2878394.4,5870188.2,4558206.7,634916.6,753331.6,7717123.4,84838.3,434211.5,26315851.2,1804387.1
491,109.22,21.66,Guangxi,Central_South_China,2869635.1,5852324.5,7610162.7,561954,666761,7773145.8,176780,437363.7,26506891.1,1597032.4
492,82.21,43.42,Xinjiang,Northwest_China,2858544.8,5829706.9,6543836.7,789091.3,936260.6,7486432.2,303147.4,421231.5,25529180.5,2242540.3
493,116.11,38.98,Hebei,North_China,2857262.3,5827091.3,9581774.8,761896.7,903994,7513116.8,43329.6,422732.9,25620176.6,2165255.2
494,120.6,27.92,Zhejiang,East_China,2855910.8,5824335.2,6187858.1,506203.4,600612.7,7795365,1106742.3,438613.9,26582660,1438593.2
495,111.57,33.22,Henan,Central_South_China,2853971.8,5820380.7,11140351.3,772186.1,916202.5,7491965.1,137300.1,421542.8,25548048.1,2194496.9
496,112.77,25.26,Hunan,Central_South_China,2853644.2,5819712.6,7764838.5,613330.1,727719.1,7668818.2,1091466.7,431493.6,26151127.7,1743039.7
497,117.59,39.26,Tianjin,North_China,2848854.5,5809944.7,6734017.7,694162.5,823627.1,7564316.3,47671.5,425613.7,25794769.9,1972759.6
498,118.16,32.89,Anhui,East_China,2846688.4,5805527.1,12278404.9,742209,880634.5,7504194.2,43278.1,422230.9,25589750,2109304.1
499,117.1,35.44,Shandong,East_China,2846165.4,5804460.4,9093073.1,718658.7,852692,7529023.2,444086.2,423627.9,25674418.5,2042376
500,122.88,39.85,Liaoning,Northeast_China,2844261.5,5800577.6,9328954.8,724595.3,859735.7,7516803.7,286270.9,422940.4,25632749.1,2059247.2
